<BackupInst xmlns="http://www.microsoft.com/GroupPolicy/GPOOperations/Manifest"><GPOGuid><![CDATA[{BDB1A3E8-7191-4378-8389-778F3CE597B6}]]></GPOGuid><GPODomain><![CDATA[wx040.np.webexcce.com]]></GPODomain><GPODomainGuid><![CDATA[{f0a35440-ebd5-430b-8549-3455a113240d}]]></GPODomainGuid><GPODomainController><![CDATA[den01wx040adc01.wx040.np.webexcce.com]]></GPODomainController><BackupTime><![CDATA[2020-03-23T11:59:12]]></BackupTime><ID><![CDATA[{FF90B01F-8EF2-4855-9DCC-4223717025CC}]]></ID><Comment><![CDATA[]]></Comment><GPODisplayName><![CDATA[Webex CCE Lab Site - DEN]]></GPODisplayName></BackupInst>
