<BackupInst xmlns="http://www.microsoft.com/GroupPolicy/GPOOperations/Manifest"><GPOGuid><![CDATA[{148A282E-94B3-4564-896E-B77511698C99}]]></GPOGuid><GPODomain><![CDATA[wx040.np.webexcce.com]]></GPODomain><GPODomainGuid><![CDATA[{f0a35440-ebd5-430b-8549-3455a113240d}]]></GPODomainGuid><GPODomainController><![CDATA[den01wx040adc01.wx040.np.webexcce.com]]></GPODomainController><BackupTime><![CDATA[2020-03-23T11:59:30]]></BackupTime><ID><![CDATA[{EA10CF11-1844-4D61-9DFC-417DB902D748}]]></ID><Comment><![CDATA[]]></Comment><GPODisplayName><![CDATA[Webex CCE Lab Site - AUS]]></GPODisplayName></BackupInst>
