<BackupInst xmlns="http://www.microsoft.com/GroupPolicy/GPOOperations/Manifest"><GPOGuid><![CDATA[{CF1D95E1-4F03-467D-8ADD-E640762F65ED}]]></GPOGuid><GPODomain><![CDATA[wx040.np.webexcce.com]]></GPODomain><GPODomainGuid><![CDATA[{bc0a7568-41eb-49f1-a135-158cb0842eff}]]></GPODomainGuid><GPODomainController><![CDATA[den01wx040adc01.wx040.np.webexcce.com]]></GPODomainController><BackupTime><![CDATA[2020-03-24T01:09:46]]></BackupTime><ID><![CDATA[{DAF699A1-C63B-4781-9613-648279F4D8A0}]]></ID><Comment><![CDATA[]]></Comment><GPODisplayName><![CDATA[Windows Admins]]></GPODisplayName></BackupInst>
