<Backups xmlns="http://www.microsoft.com/GroupPolicy/GPOOperations/Manifest" xmlns:mfst="http://www.microsoft.com/GroupPolicy/GPOOperations/Manifest" mfst:version="1.0"><BackupInst><GPOGuid><![CDATA[{1B211873-6EDF-4E2F-BEA7-89816A7D0620}]]></GPOGuid><GPODomain><![CDATA[mgmt.webexcce.com]]></GPODomain><GPODomainGuid><![CDATA[{f104a0d9-974f-4128-8381-23d30a03c966}]]></GPODomainGuid><GPODomainController><![CDATA[den01mgmtadc01.mgmt.webexcce.com]]></GPODomainController><BackupTime><![CDATA[2020-03-23T22:26:03]]></BackupTime><ID><![CDATA[{549ECD01-E9D8-4D20-9616-582C289563B4}]]></ID><Comment><![CDATA[]]></Comment><GPODisplayName><![CDATA[Crypto Win 10, 2016, 2019]]></GPODisplayName></BackupInst></Backups>