<BackupInst xmlns="http://www.microsoft.com/GroupPolicy/GPOOperations/Manifest"><GPOGuid><![CDATA[{83E9E3BD-9E4F-4ACE-96B9-557BDA5BDFA6}]]></GPOGuid><GPODomain><![CDATA[mgmt.webexcce.com]]></GPODomain><GPODomainGuid><![CDATA[{f104a0d9-974f-4128-8381-23d30a03c966}]]></GPODomainGuid><GPODomainController><![CDATA[den01mgmtadc01.mgmt.webexcce.com]]></GPODomainController><BackupTime><![CDATA[2020-04-16T22:54:19]]></BackupTime><ID><![CDATA[{638ED846-2488-49F3-B45D-CF4CFD278D53}]]></ID><Comment><![CDATA[]]></Comment><GPODisplayName><![CDATA[Webex CCE Site - AUS]]></GPODisplayName></BackupInst>
