<BackupInst xmlns="http://www.microsoft.com/GroupPolicy/GPOOperations/Manifest"><GPOGuid><![CDATA[{C423372E-CC5F-49E4-8A8C-BA205AFE6A2D}]]></GPOGuid><GPODomain><![CDATA[mgmt.webexcce.com]]></GPODomain><GPODomainGuid><![CDATA[{f104a0d9-974f-4128-8381-23d30a03c966}]]></GPODomainGuid><GPODomainController><![CDATA[den01mgmtadc01.mgmt.webexcce.com]]></GPODomainController><BackupTime><![CDATA[2020-05-06T18:24:27]]></BackupTime><ID><![CDATA[{F1E7CB18-407F-4C54-8AAF-4DB34BC0A186}]]></ID><Comment><![CDATA[]]></Comment><GPODisplayName><![CDATA[Webex CCE General]]></GPODisplayName></BackupInst>
