<BackupInst xmlns="http://www.microsoft.com/GroupPolicy/GPOOperations/Manifest"><GPOGuid><![CDATA[{2C81AF9E-1D15-4EB3-A2E3-577A7023C694}]]></GPOGuid><GPODomain><![CDATA[wx040.np.webexcce.com]]></GPODomain><GPODomainGuid><![CDATA[{bc0a7568-41eb-49f1-a135-158cb0842eff}]]></GPODomainGuid><GPODomainController><![CDATA[den01wx040adc01.wx040.np.webexcce.com]]></GPODomainController><BackupTime><![CDATA[2020-03-24T00:45:24]]></BackupTime><ID><![CDATA[{7A1DECFE-3FCD-458F-BE09-420E24797B94}]]></ID><Comment><![CDATA[]]></Comment><GPODisplayName><![CDATA[Webex CCE NTP]]></GPODisplayName></BackupInst>
