<Backups xmlns="http://www.microsoft.com/GroupPolicy/GPOOperations/Manifest" xmlns:mfst="http://www.microsoft.com/GroupPolicy/GPOOperations/Manifest" mfst:version="1.0"><BackupInst><GPOGuid><![CDATA[{2CAD065D-396B-4F15-9774-7D5A2DFABD76}]]></GPOGuid><GPODomain><![CDATA[wx040.np.webexcce.com]]></GPODomain><GPODomainGuid><![CDATA[{091e8e40-4736-49b5-9270-25461b9443bd}]]></GPODomainGuid><GPODomainController><![CDATA[den01wx040adc01.wx040.np.webexcce.com]]></GPODomainController><BackupTime><![CDATA[2020-03-26T03:23:46]]></BackupTime><ID><![CDATA[{E6EB1961-3F5D-4647-B263-C002B70B8693}]]></ID><Comment><![CDATA[]]></Comment><GPODisplayName><![CDATA[DoD Windows Server 2016 Domain Controller STIG Computer]]></GPODisplayName></BackupInst></Backups>