<?xml version="1.0" encoding="utf-8"?><!-- Copyright (c) Microsoft Corporation.  All rights reserved. --><GroupPolicyBackupScheme bkp:version="2.0" bkp:type="GroupPolicyBackupTemplate" xmlns:bkp="http://www.microsoft.com/GroupPolicy/GPOOperations" xmlns="http://www.microsoft.com/GroupPolicy/GPOOperations">
    <GroupPolicyObject><SecurityGroups><Group bkp:Source="FromDACL"><Sid><![CDATA[S-1-5-21-948921716-1552659321-4212575639-519]]></Sid><SamAccountName><![CDATA[Enterprise Admins]]></SamAccountName><Type><![CDATA[UniversalGroup]]></Type><NetBIOSDomainName><![CDATA[MGMT]]></NetBIOSDomainName><DnsDomainName><![CDATA[mgmt.webexcce.com]]></DnsDomainName><UPN><![CDATA[Enterprise Admins@mgmt.webexcce.com]]></UPN></Group><Group bkp:Source="FromDACL"><Sid><![CDATA[S-1-5-21-948921716-1552659321-4212575639-512]]></Sid><SamAccountName><![CDATA[Domain Admins]]></SamAccountName><Type><![CDATA[GlobalGroup]]></Type><NetBIOSDomainName><![CDATA[MGMT]]></NetBIOSDomainName><DnsDomainName><![CDATA[mgmt.webexcce.com]]></DnsDomainName><UPN><![CDATA[Domain Admins@mgmt.webexcce.com]]></UPN></Group></SecurityGroups><FilePaths/><GroupPolicyCoreSettings><ID><![CDATA[{557A23B4-4730-4237-92CF-9B74E02CD6FA}]]></ID><Domain><![CDATA[mgmt.webexcce.com]]></Domain><SecurityDescriptor>01 00 04 9c 00 00 00 00 00 00 00 00 00 00 00 00 14 00 00 00 04 00 ec 00 08 00 00 00 05 02 28 00 00 01 00 00 01 00 00 00 8f fd ac ed b3 ff d1 11 b4 1d 00 a0 c9 68 f9 39 01 01 00 00 00 00 00 05 0b 00 00 00 00 00 24 00 ff 00 0f 00 01 05 00 00 00 00 00 05 15 00 00 00 74 65 8f 38 79 b3 8b 5c 97 cd 16 fb 00 02 00 00 00 02 24 00 ff 00 0f 00 01 05 00 00 00 00 00 05 15 00 00 00 74 65 8f 38 79 b3 8b 5c 97 cd 16 fb 00 02 00 00 00 02 24 00 ff 00 0f 00 01 05 00 00 00 00 00 05 15 00 00 00 74 65 8f 38 79 b3 8b 5c 97 cd 16 fb 07 02 00 00 00 02 14 00 94 00 02 00 01 01 00 00 00 00 00 05 09 00 00 00 00 02 14 00 94 00 02 00 01 01 00 00 00 00 00 05 0b 00 00 00 00 02 14 00 ff 00 0f 00 01 01 00 00 00 00 00 05 12 00 00 00 00 0a 14 00 ff 00 0f 00 01 01 00 00 00 00 00 03 00 00 00 00</SecurityDescriptor><DisplayName><![CDATA[DoD Windows Server Member Server STIG User]]></DisplayName><Options><![CDATA[2]]></Options><UserVersionNumber><![CDATA[65537]]></UserVersionNumber><MachineVersionNumber><![CDATA[65537]]></MachineVersionNumber><MachineExtensionGuids/><UserExtensionGuids><![CDATA[[{35378EAC-683F-11D2-A89A-00C04FBBCFA2}{D02B1F73-3407-48AE-BA88-E8213C6761F1}]]]></UserExtensionGuids><WMIFilter><![CDATA[MSFT_SomFilter.ID="{C2373725-EB0F-4E2F-B715-49FE7238542F}",Domain="mgmt.webexcce.com"]]></WMIFilter><WMIFilterName><![CDATA[Windows Server All Versions Member Server]]></WMIFilterName></GroupPolicyCoreSettings> 
        <GroupPolicyExtension bkp:ID="{35378EAC-683F-11D2-A89A-00C04FBBCFA2}" bkp:DescName="Registry">
            
            <FSObjectFile bkp:Path="%GPO_USER_FSPATH%\registry.pol" bkp:SourceExpandedPath="\\den01mgmtadc01.mgmt.webexcce.com\sysvol\mgmt.webexcce.com\Policies\{557A23B4-4730-4237-92CF-9B74E02CD6FA}\User\registry.pol" bkp:Location="DomainSysvol\GPO\User\registry.pol"/>
            <FSObjectFile bkp:Path="%GPO_FSPATH%\Adm\*.*" bkp:SourceExpandedPath="\\den01mgmtadc01.mgmt.webexcce.com\sysvol\mgmt.webexcce.com\Policies\{557A23B4-4730-4237-92CF-9B74E02CD6FA}\Adm\*.*"/>
        </GroupPolicyExtension>
        
        
        
        
        
        
        
        
        
    <GroupPolicyExtension bkp:ID="{F15C46CD-82A0-4C2D-A210-5D0D3182A418}" bkp:DescName="Unknown Extension"><FSObjectDir bkp:Path="%GPO_MACH_FSPATH%\Microsoft" bkp:SourceExpandedPath="\\den01mgmtadc01.mgmt.webexcce.com\sysvol\mgmt.webexcce.com\Policies\{557A23B4-4730-4237-92CF-9B74E02CD6FA}\Machine\Microsoft" bkp:Location="DomainSysvol\GPO\Machine\Microsoft"/><FSObjectDir bkp:Path="%GPO_MACH_FSPATH%\Microsoft\Windows NT" bkp:SourceExpandedPath="\\den01mgmtadc01.mgmt.webexcce.com\sysvol\mgmt.webexcce.com\Policies\{557A23B4-4730-4237-92CF-9B74E02CD6FA}\Machine\Microsoft\Windows NT" bkp:Location="DomainSysvol\GPO\Machine\Microsoft\Windows NT"/><FSObjectDir bkp:Path="%GPO_MACH_FSPATH%\Microsoft\Windows NT\SecEdit" bkp:SourceExpandedPath="\\den01mgmtadc01.mgmt.webexcce.com\sysvol\mgmt.webexcce.com\Policies\{557A23B4-4730-4237-92CF-9B74E02CD6FA}\Machine\Microsoft\Windows NT\SecEdit" bkp:Location="DomainSysvol\GPO\Machine\Microsoft\Windows NT\SecEdit"/><FSObjectFile bkp:Path="%GPO_MACH_FSPATH%\Microsoft\Windows NT\SecEdit\GptTmpl.inf" bkp:SourceExpandedPath="\\den01mgmtadc01.mgmt.webexcce.com\sysvol\mgmt.webexcce.com\Policies\{557A23B4-4730-4237-92CF-9B74E02CD6FA}\Machine\Microsoft\Windows NT\SecEdit\GptTmpl.inf" bkp:Location="DomainSysvol\GPO\Machine\Microsoft\Windows NT\SecEdit\GptTmpl.inf"/><FSObjectDir bkp:Path="%GPO_MACH_FSPATH%\Scripts" bkp:SourceExpandedPath="\\den01mgmtadc01.mgmt.webexcce.com\sysvol\mgmt.webexcce.com\Policies\{557A23B4-4730-4237-92CF-9B74E02CD6FA}\Machine\Scripts" bkp:Location="DomainSysvol\GPO\Machine\Scripts"/><FSObjectDir bkp:Path="%GPO_MACH_FSPATH%\Scripts\Shutdown" bkp:SourceExpandedPath="\\den01mgmtadc01.mgmt.webexcce.com\sysvol\mgmt.webexcce.com\Policies\{557A23B4-4730-4237-92CF-9B74E02CD6FA}\Machine\Scripts\Shutdown" bkp:Location="DomainSysvol\GPO\Machine\Scripts\Shutdown"/><FSObjectDir bkp:Path="%GPO_MACH_FSPATH%\Scripts\Startup" bkp:SourceExpandedPath="\\den01mgmtadc01.mgmt.webexcce.com\sysvol\mgmt.webexcce.com\Policies\{557A23B4-4730-4237-92CF-9B74E02CD6FA}\Machine\Scripts\Startup" bkp:Location="DomainSysvol\GPO\Machine\Scripts\Startup"/><FSObjectFile bkp:Path="%GPO_USER_FSPATH%\comment.cmtx" bkp:SourceExpandedPath="\\den01mgmtadc01.mgmt.webexcce.com\sysvol\mgmt.webexcce.com\Policies\{557A23B4-4730-4237-92CF-9B74E02CD6FA}\User\comment.cmtx" bkp:Location="DomainSysvol\GPO\User\comment.cmtx"/></GroupPolicyExtension></GroupPolicyObject>
</GroupPolicyBackupScheme>