<BackupInst xmlns="http://www.microsoft.com/GroupPolicy/GPOOperations/Manifest"><GPOGuid><![CDATA[{048505DB-BA03-47C9-B086-9225085ED4CE}]]></GPOGuid><GPODomain><![CDATA[mgmt.webexcce.com]]></GPODomain><GPODomainGuid><![CDATA[{f104a0d9-974f-4128-8381-23d30a03c966}]]></GPODomainGuid><GPODomainController><![CDATA[den01mgmtadc01.mgmt.webexcce.com]]></GPODomainController><BackupTime><![CDATA[2020-04-16T22:54:32]]></BackupTime><ID><![CDATA[{291A5631-6698-4D99-B5B3-BD5DEAF13ACE}]]></ID><Comment><![CDATA[]]></Comment><GPODisplayName><![CDATA[Webex CCE Site - DEN]]></GPODisplayName></BackupInst>
