<BackupInst xmlns="http://www.microsoft.com/GroupPolicy/GPOOperations/Manifest"><GPOGuid><![CDATA[{5DF63C38-B7C8-4C81-9EA3-67C6B83E4DFE}]]></GPOGuid><GPODomain><![CDATA[mgmt.webexcce.com]]></GPODomain><GPODomainGuid><![CDATA[{f104a0d9-974f-4128-8381-23d30a03c966}]]></GPODomainGuid><GPODomainController><![CDATA[den01mgmtadc01.mgmt.webexcce.com]]></GPODomainController><BackupTime><![CDATA[2020-04-24T01:04:24]]></BackupTime><ID><![CDATA[{277E62CB-BFFF-4369-9DB6-C97BF94B39D3}]]></ID><Comment><![CDATA[]]></Comment><GPODisplayName><![CDATA[Enterprise Admins]]></GPODisplayName></BackupInst>
