<Backups xmlns="http://www.microsoft.com/GroupPolicy/GPOOperations/Manifest" xmlns:mfst="http://www.microsoft.com/GroupPolicy/GPOOperations/Manifest" mfst:version="1.0"><BackupInst xmlns="http://www.microsoft.com/GroupPolicy/GPOOperations/Manifest"><GPOGuid><![CDATA[{B947145C-1DE4-4256-B044-16CC289EA209}]]></GPOGuid><GPODomain><![CDATA[wx040.np.webexcce.com]]></GPODomain><GPODomainGuid><![CDATA[{f0a35440-ebd5-430b-8549-3455a113240d}]]></GPODomainGuid><GPODomainController><![CDATA[den01wx040adc01.wx040.np.webexcce.com]]></GPODomainController><BackupTime><![CDATA[2020-03-22T22:13:52]]></BackupTime><ID><![CDATA[{B19F3A5C-4C47-4E0B-8E5B-8946FE6D393D}]]></ID><Comment><![CDATA[]]></Comment><GPODisplayName><![CDATA[Webex CCE Lab NTP]]></GPODisplayName></BackupInst></Backups>