<?xml version="1.0" encoding="utf-8"?>
<RegistrySettings clsid="{A3CCFC41-DFDB-43a5-8D26-0FE8B954DA51}"><Registry clsid="{9CD4B2F4-923D-47f5-A062-E897DD1DAD50}" name="PermittedManagers" status="PermittedManagers" image="3" changed="2017-11-12 16:07:52" uid="{0A8A7E42-51F4-4AFE-B557-CD305DF9B59E}"><Properties action="D" displayDecimal="1" default="0" hive="HKEY_LOCAL_MACHINE" key="SYSTEM\CurrentControlSet\Services\SNMP\Parameters\PermittedManagers" name="" type="REG_SZ" value=""/></Registry>
	<Registry clsid="{9CD4B2F4-923D-47f5-A062-E897DD1DAD50}" name="TrapConfiguration" status="TrapConfiguration" image="3" changed="2017-11-12 16:08:58" uid="{0010D4AD-F2D7-4676-BF08-FA172C2943BA}"><Properties action="D" displayDecimal="1" default="0" hive="HKEY_LOCAL_MACHINE" key="SYSTEM\CurrentControlSet\Services\SNMP\Parameters\TrapConfiguration" name="" type="REG_SZ" value=""/></Registry>
	<Registry clsid="{9CD4B2F4-923D-47f5-A062-E897DD1DAD50}" name="ValidCommunities" status="ValidCommunities" image="3" changed="2017-11-12 16:10:52" uid="{54D47E54-D386-4DFF-8872-EB17994B3A43}"><Properties action="D" displayDecimal="1" default="0" hive="HKEY_LOCAL_MACHINE" key="SYSTEM\CurrentControlSet\Services\SNMP\Parameters\ValidCommunities" name="" type="REG_SZ" value=""/></Registry>
	<Registry clsid="{9CD4B2F4-923D-47f5-A062-E897DD1DAD50}" name="CCMS" status="CCMS" image="10" changed="2018-07-28 14:27:33" uid="{D7B11B77-D078-4817-B1CD-4F526463C97F}"><Properties action="C" displayDecimal="1" default="0" hive="HKEY_LOCAL_MACHINE" key="SYSTEM\CurrentControlSet\Services\SNMP\Parameters\ValidCommunities" name="CCMS" type="REG_DWORD" value="00000004"/></Registry>
	<Registry clsid="{9CD4B2F4-923D-47f5-A062-E897DD1DAD50}" name="1" status="1" image="5" changed="2020-03-15 14:51:11" uid="{217770F4-439D-45E3-A93E-BBD45FF9AADC}"><Properties action="C" displayDecimal="1" default="0" hive="HKEY_LOCAL_MACHINE" key="SYSTEM\CurrentControlSet\Services\SNMP\Parameters\TrapConfiguration\CCMS" name="1" type="REG_SZ" value="snmp-aus01.mgmt.webexcce.com"/></Registry>
</RegistrySettings>
