<?xml version="1.0" encoding="utf-8"?><!-- Copyright (c) Microsoft Corporation.  All rights reserved. --><GroupPolicyBackupScheme bkp:version="2.0" bkp:type="GroupPolicyBackupTemplate" xmlns:bkp="http://www.microsoft.com/GroupPolicy/GPOOperations" xmlns="http://www.microsoft.com/GroupPolicy/GPOOperations">
    <GroupPolicyObject><SecurityGroups><Group bkp:Source="FromDACL"><Sid><![CDATA[S-1-5-21-3485825857-2650454534-1259180679-519]]></Sid><SamAccountName><![CDATA[Enterprise Admins]]></SamAccountName><Type><![CDATA[UniversalGroup]]></Type><NetBIOSDomainName><![CDATA[wx040]]></NetBIOSDomainName><DnsDomainName><![CDATA[wx040.np.webexcce.com]]></DnsDomainName><UPN><![CDATA[Enterprise Admins@wx040.np.webexcce.com]]></UPN></Group><Group bkp:Source="FromDACL"><Sid><![CDATA[S-1-5-21-3485825857-2650454534-1259180679-512]]></Sid><SamAccountName><![CDATA[Domain Admins]]></SamAccountName><Type><![CDATA[GlobalGroup]]></Type><NetBIOSDomainName><![CDATA[wx040]]></NetBIOSDomainName><DnsDomainName><![CDATA[wx040.np.webexcce.com]]></DnsDomainName><UPN><![CDATA[Domain Admins@wx040.np.webexcce.com]]></UPN></Group><Group bkp:Source="FromDACL"><Sid><![CDATA[S-1-5-21-3168957125-3525779870-4249471570-519]]></Sid><SamAccountName><![CDATA[Enterprise Admins]]></SamAccountName><Type><![CDATA[UniversalGroup]]></Type><NetBIOSDomainName><![CDATA[LAB]]></NetBIOSDomainName><DnsDomainName><![CDATA[lab.local]]></DnsDomainName><UPN><![CDATA[Enterprise Admins@lab.local]]></UPN></Group></SecurityGroups><FilePaths/><GroupPolicyCoreSettings><ID><![CDATA[{650F2097-3513-481A-8382-4531201A8B56}]]></ID><Domain><![CDATA[wx040.np.webexcce.com]]></Domain><SecurityDescriptor>01 00 04 9c 00 00 00 00 00 00 00 00 00 00 00 00 14 00 00 00 04 00 10 01 09 00 00 00 05 02 28 00 00 01 00 00 01 00 00 00 8f fd ac ed b3 ff d1 11 b4 1d 00 a0 c9 68 f9 39 01 01 00 00 00 00 00 05 0b 00 00 00 00 00 24 00 ff 00 0f 00 01 05 00 00 00 00 00 05 15 00 00 00 41 7b c5 cf 06 ba fa 9d 87 92 0d 4b 00 02 00 00 00 02 24 00 37 00 0f 00 01 05 00 00 00 00 00 05 15 00 00 00 c5 72 e2 bc 9e 21 27 d2 52 ca 49 fd 07 02 00 00 00 02 24 00 ff 00 0f 00 01 05 00 00 00 00 00 05 15 00 00 00 41 7b c5 cf 06 ba fa 9d 87 92 0d 4b 00 02 00 00 00 02 24 00 ff 00 0f 00 01 05 00 00 00 00 00 05 15 00 00 00 41 7b c5 cf 06 ba fa 9d 87 92 0d 4b 07 02 00 00 00 02 14 00 94 00 02 00 01 01 00 00 00 00 00 05 09 00 00 00 00 02 14 00 94 00 02 00 01 01 00 00 00 00 00 05 0b 00 00 00 00 02 14 00 ff 00 0f 00 01 01 00 00 00 00 00 05 12 00 00 00 00 0a 14 00 ff 00 0f 00 01 01 00 00 00 00 00 03 00 00 00 00</SecurityDescriptor><DisplayName><![CDATA[DoD Windows Firewall STIG]]></DisplayName><Options><![CDATA[1]]></Options><UserVersionNumber><![CDATA[65537]]></UserVersionNumber><MachineVersionNumber><![CDATA[458759]]></MachineVersionNumber><MachineExtensionGuids><![CDATA[[{35378EAC-683F-11D2-A89A-00C04FBBCFA2}{B05566AC-FE9C-4368-BE01-7A4CBB6CBA11}{D02B1F72-3407-48AE-BA88-E8213C6761F1}]]]></MachineExtensionGuids><UserExtensionGuids/><WMIFilter/></GroupPolicyCoreSettings> 
        <GroupPolicyExtension bkp:ID="{35378EAC-683F-11D2-A89A-00C04FBBCFA2}" bkp:DescName="Registry">
            <FSObjectFile bkp:Path="%GPO_MACH_FSPATH%\registry.pol" bkp:SourceExpandedPath="\\den01wx040adc01.wx040.np.webexcce.com\sysvol\wx040.np.webexcce.com\Policies\{650F2097-3513-481A-8382-4531201A8B56}\Machine\registry.pol" bkp:Location="DomainSysvol\GPO\Machine\registry.pol"/>
            
            <FSObjectFile bkp:Path="%GPO_FSPATH%\Adm\*.*" bkp:SourceExpandedPath="\\den01wx040adc01.wx040.np.webexcce.com\sysvol\wx040.np.webexcce.com\Policies\{650F2097-3513-481A-8382-4531201A8B56}\Adm\*.*"/>
        </GroupPolicyExtension>
        
        
        
        
        
        
        
        
        
    <GroupPolicyExtension bkp:ID="{F15C46CD-82A0-4C2D-A210-5D0D3182A418}" bkp:DescName="Unknown Extension"><FSObjectDir bkp:Path="%GPO_MACH_FSPATH%\Applications" bkp:SourceExpandedPath="\\den01wx040adc01.wx040.np.webexcce.com\sysvol\wx040.np.webexcce.com\Policies\{650F2097-3513-481A-8382-4531201A8B56}\Machine\Applications" bkp:Location="DomainSysvol\GPO\Machine\Applications"/><FSObjectFile bkp:Path="%GPO_MACH_FSPATH%\comment.cmtx" bkp:SourceExpandedPath="\\den01wx040adc01.wx040.np.webexcce.com\sysvol\wx040.np.webexcce.com\Policies\{650F2097-3513-481A-8382-4531201A8B56}\Machine\comment.cmtx" bkp:Location="DomainSysvol\GPO\Machine\comment.cmtx"/><FSObjectDir bkp:Path="%GPO_MACH_FSPATH%\Microsoft" bkp:SourceExpandedPath="\\den01wx040adc01.wx040.np.webexcce.com\sysvol\wx040.np.webexcce.com\Policies\{650F2097-3513-481A-8382-4531201A8B56}\Machine\Microsoft" bkp:Location="DomainSysvol\GPO\Machine\Microsoft"/><FSObjectDir bkp:Path="%GPO_MACH_FSPATH%\Microsoft\Windows NT" bkp:SourceExpandedPath="\\den01wx040adc01.wx040.np.webexcce.com\sysvol\wx040.np.webexcce.com\Policies\{650F2097-3513-481A-8382-4531201A8B56}\Machine\Microsoft\Windows NT" bkp:Location="DomainSysvol\GPO\Machine\Microsoft\Windows NT"/><FSObjectDir bkp:Path="%GPO_MACH_FSPATH%\Microsoft\Windows NT\SecEdit" bkp:SourceExpandedPath="\\den01wx040adc01.wx040.np.webexcce.com\sysvol\wx040.np.webexcce.com\Policies\{650F2097-3513-481A-8382-4531201A8B56}\Machine\Microsoft\Windows NT\SecEdit" bkp:Location="DomainSysvol\GPO\Machine\Microsoft\Windows NT\SecEdit"/><FSObjectFile bkp:Path="%GPO_MACH_FSPATH%\Microsoft\Windows NT\SecEdit\GptTmpl.inf" bkp:SourceExpandedPath="\\den01wx040adc01.wx040.np.webexcce.com\sysvol\wx040.np.webexcce.com\Policies\{650F2097-3513-481A-8382-4531201A8B56}\Machine\Microsoft\Windows NT\SecEdit\GptTmpl.inf" bkp:Location="DomainSysvol\GPO\Machine\Microsoft\Windows NT\SecEdit\GptTmpl.inf"/><FSObjectDir bkp:Path="%GPO_MACH_FSPATH%\Scripts" bkp:SourceExpandedPath="\\den01wx040adc01.wx040.np.webexcce.com\sysvol\wx040.np.webexcce.com\Policies\{650F2097-3513-481A-8382-4531201A8B56}\Machine\Scripts" bkp:Location="DomainSysvol\GPO\Machine\Scripts"/><FSObjectDir bkp:Path="%GPO_MACH_FSPATH%\Scripts\Shutdown" bkp:SourceExpandedPath="\\den01wx040adc01.wx040.np.webexcce.com\sysvol\wx040.np.webexcce.com\Policies\{650F2097-3513-481A-8382-4531201A8B56}\Machine\Scripts\Shutdown" bkp:Location="DomainSysvol\GPO\Machine\Scripts\Shutdown"/><FSObjectDir bkp:Path="%GPO_MACH_FSPATH%\Scripts\Startup" bkp:SourceExpandedPath="\\den01wx040adc01.wx040.np.webexcce.com\sysvol\wx040.np.webexcce.com\Policies\{650F2097-3513-481A-8382-4531201A8B56}\Machine\Scripts\Startup" bkp:Location="DomainSysvol\GPO\Machine\Scripts\Startup"/></GroupPolicyExtension></GroupPolicyObject>
</GroupPolicyBackupScheme>