<BackupInst xmlns="http://www.microsoft.com/GroupPolicy/GPOOperations/Manifest"><GPOGuid><![CDATA[{90BBCF4E-FAFD-488A-90ED-73D76EE629E8}]]></GPOGuid><GPODomain><![CDATA[mgmt.webexcce.com]]></GPODomain><GPODomainGuid><![CDATA[{f104a0d9-974f-4128-8381-23d30a03c966}]]></GPODomainGuid><GPODomainController><![CDATA[den01mgmtadc01.mgmt.webexcce.com]]></GPODomainController><BackupTime><![CDATA[2020-04-21T10:11:57]]></BackupTime><ID><![CDATA[{0D0CC3B1-A2D4-4A1D-BD18-0EE340F94B25}]]></ID><Comment><![CDATA[]]></Comment><GPODisplayName><![CDATA[DoD Windows Server 2019 Domain Controller STIG Computer]]></GPODisplayName></BackupInst>
