<BackupInst xmlns="http://www.microsoft.com/GroupPolicy/GPOOperations/Manifest"><GPOGuid><![CDATA[{57D88749-A7A4-469B-845E-781F7494225B}]]></GPOGuid><GPODomain><![CDATA[mgmt.webexcce.com]]></GPODomain><GPODomainGuid><![CDATA[{f104a0d9-974f-4128-8381-23d30a03c966}]]></GPODomainGuid><GPODomainController><![CDATA[den01mgmtadc01.mgmt.webexcce.com]]></GPODomainController><BackupTime><![CDATA[2020-04-21T10:11:47]]></BackupTime><ID><![CDATA[{1C339DE3-BB44-432D-A0F2-FD59CBEDE6E0}]]></ID><Comment><![CDATA[]]></Comment><GPODisplayName><![CDATA[DoD Windows Server 2016 Member Server STIG Computer]]></GPODisplayName></BackupInst>
