<Backups xmlns="http://www.microsoft.com/GroupPolicy/GPOOperations/Manifest" xmlns:mfst="http://www.microsoft.com/GroupPolicy/GPOOperations/Manifest" mfst:version="1.0"><BackupInst><GPOGuid><![CDATA[{7A65E21A-FC92-4B91-8CEC-D25573248F94}]]></GPOGuid><GPODomain><![CDATA[wx040.np.webexcce.com]]></GPODomain><GPODomainGuid><![CDATA[{091e8e40-4736-49b5-9270-25461b9443bd}]]></GPODomainGuid><GPODomainController><![CDATA[den01wx040adc01.wx040.np.webexcce.com]]></GPODomainController><BackupTime><![CDATA[2020-03-26T03:23:25]]></BackupTime><ID><![CDATA[{2E5B9EB3-8964-4C8F-8D44-73F7B2A70D1B}]]></ID><Comment><![CDATA[]]></Comment><GPODisplayName><![CDATA[DoD Windows Server 2012 R2 Domain Controller STIG Computer]]></GPODisplayName></BackupInst></Backups>