<BackupInst xmlns="http://www.microsoft.com/GroupPolicy/GPOOperations/Manifest"><GPOGuid><![CDATA[{E9439B91-3107-460B-BCB0-12FC24FAD1A6}]]></GPOGuid><GPODomain><![CDATA[mgmt.webexcce.com]]></GPODomain><GPODomainGuid><![CDATA[{f104a0d9-974f-4128-8381-23d30a03c966}]]></GPODomainGuid><GPODomainController><![CDATA[den01mgmtadc01.mgmt.webexcce.com]]></GPODomainController><BackupTime><![CDATA[2020-04-21T10:11:23]]></BackupTime><ID><![CDATA[{1DC8755C-4849-4F2D-B8AA-D646CEF00E06}]]></ID><Comment><![CDATA[]]></Comment><GPODisplayName><![CDATA[DoD Windows Server 2012 R2 Member Server STIG Computer]]></GPODisplayName></BackupInst>
