<BackupInst xmlns="http://www.microsoft.com/GroupPolicy/GPOOperations/Manifest"><GPOGuid><![CDATA[{09F51AFC-62C8-4B48-8F2F-0E8AB41DFF72}]]></GPOGuid><GPODomain><![CDATA[mgmt.webexcce.com]]></GPODomain><GPODomainGuid><![CDATA[{f104a0d9-974f-4128-8381-23d30a03c966}]]></GPODomainGuid><GPODomainController><![CDATA[den01mgmtadc01.mgmt.webexcce.com]]></GPODomainController><BackupTime><![CDATA[2020-04-21T10:11:32]]></BackupTime><ID><![CDATA[{68DAB513-EA37-4E34-80E8-1EA17EEFFDFA}]]></ID><Comment><![CDATA[]]></Comment><GPODisplayName><![CDATA[DoD Windows Server 2016 Domain Controller STIG Computer]]></GPODisplayName></BackupInst>
