<BackupInst xmlns="http://www.microsoft.com/GroupPolicy/GPOOperations/Manifest"><GPOGuid><![CDATA[{3784B199-3850-4A9E-919B-1BE8AB81DBD1}]]></GPOGuid><GPODomain><![CDATA[wx040.np.webexcce.com]]></GPODomain><GPODomainGuid><![CDATA[{091e8e40-4736-49b5-9270-25461b9443bd}]]></GPODomainGuid><GPODomainController><![CDATA[den01wx040adc01.wx040.np.webexcce.com]]></GPODomainController><BackupTime><![CDATA[2020-03-25T21:02:52]]></BackupTime><ID><![CDATA[{B8ADF691-7CE9-42F9-B91C-B6CAB391EE6C}]]></ID><Comment><![CDATA[]]></Comment><GPODisplayName><![CDATA[DoD Internet Explorer 11 STIG Computer]]></GPODisplayName></BackupInst>
