<?xml version="1.0" encoding="utf-8"?>
<RegistrySettings clsid="{A3CCFC41-DFDB-43a5-8D26-0FE8B954DA51}"><Collection clsid="{53B533F5-224C-47e3-B01B-CA3B3F3FF4BF}" name="Registry Wizard Values" status="Values generated by the Registry Wizard" changed="2020-03-15 16:43:28" uid="{AFFFAB55-CB2B-4A85-849F-AEC4171D4D64}"><Collection clsid="{53B533F5-224C-47e3-B01B-CA3B3F3FF4BF}" name="HKEY_LOCAL_MACHINE"><Collection clsid="{53B533F5-224C-47e3-B01B-CA3B3F3FF4BF}" name="SOFTWARE"><Collection clsid="{53B533F5-224C-47e3-B01B-CA3B3F3FF4BF}" name="Policies"><Collection clsid="{53B533F5-224C-47e3-B01B-CA3B3F3FF4BF}" name="Microsoft"><Collection clsid="{53B533F5-224C-47e3-B01B-CA3B3F3FF4BF}" name="Cryptography"><Registry clsid="{9CD4B2F4-923D-47f5-A062-E897DD1DAD50}" name="forcekeyprotection" descr="Wizard Generated Registry Item" image="11" status="forcekeyprotection" changed="2020-03-15 18:11:11" uid="{5AAFF0AB-210C-4F8A-B2B8-CFB763265049}" bypassErrors="1"><Properties action="R" displayDecimal="0" default="0" hive="HKEY_LOCAL_MACHINE" key="SOFTWARE\Policies\Microsoft\Cryptography" name="forcekeyprotection" type="REG_DWORD" value="00000001"/></Registry>
							<Collection clsid="{53B533F5-224C-47e3-B01B-CA3B3F3FF4BF}" name="Configuration"><Collection clsid="{53B533F5-224C-47e3-B01B-CA3B3F3FF4BF}" name="SSL"><Collection clsid="{53B533F5-224C-47e3-B01B-CA3B3F3FF4BF}" name="00010002"><Registry clsid="{9CD4B2F4-923D-47f5-A062-E897DD1DAD50}" name="Functions" status="Functions" image="6" changed="2020-03-15 18:10:43" uid="{8E94C926-0711-4B1F-8A2C-88AB4EAC1445}" bypassErrors="1"><Properties action="R" displayDecimal="0" default="0" hive="HKEY_LOCAL_MACHINE" key="SOFTWARE\Policies\Microsoft\Cryptography\Configuration\SSL\00010002" name="Functions" type="REG_SZ" value="TLS_ECDHE_RSA_WITH_AES_256_GCM_SHA384,TLS_ECDHE_RSA_WITH_AES_128_GCM_SHA256,TLS_ECDHE_RSA_WITH_AES_256_CBC_SHA384,TLS_ECDHE_RSA_WITH_AES_128_CBC_SHA256,TLS_ECDHE_RSA_WITH_AES_256_CBC_SHA,TLS_ECDHE_RSA_WITH_AES_128_CBC_SHA,TLS_ECDHE_ECDSA_WITH_AES_256_GCM_SHA384,TLS_ECDHE_ECDSA_WITH_AES_128_GCM_SHA256,TLS_ECDHE_ECDSA_WITH_AES_256_CBC_SHA384,TLS_ECDHE_ECDSA_WITH_AES_128_CBC_SHA256,TLS_ECDHE_ECDSA_WITH_AES_256_CBC_SHA,TLS_ECDHE_ECDSA_WITH_AES_128_CBC_SHA,TLS_RSA_WITH_AES_256_GCM_SHA384,TLS_RSA_WITH_AES_128_GCM_SHA256,TLS_RSA_WITH_AES_256_CBC_SHA256,TLS_RSA_WITH_AES_128_CBC_SHA256,TLS_RSA_WITH_AES_256_CBC_SHA,TLS_RSA_WITH_AES_128_CBC_SHA,TLS_RSA_WITH_3DES_EDE_CBC_SHA"/></Registry>
									</Collection>
								</Collection>
							</Collection>
						</Collection>
					</Collection>
				</Collection>
			</Collection>
		</Collection>
	</Collection>
	<Collection clsid="{53B533F5-224C-47e3-B01B-CA3B3F3FF4BF}" name="Registry Wizard Values" status="Values generated by the Registry Wizard" changed="2020-03-15 16:52:40" uid="{64F6EAF8-D419-42CF-B862-4468448A4E6C}"><Collection clsid="{53B533F5-224C-47e3-B01B-CA3B3F3FF4BF}" name="HKEY_LOCAL_MACHINE"><Collection clsid="{53B533F5-224C-47e3-B01B-CA3B3F3FF4BF}" name="SYSTEM"><Collection clsid="{53B533F5-224C-47e3-B01B-CA3B3F3FF4BF}" name="CurrentControlSet"><Collection clsid="{53B533F5-224C-47e3-B01B-CA3B3F3FF4BF}" name="Control"><Collection clsid="{53B533F5-224C-47e3-B01B-CA3B3F3FF4BF}" name="Cryptography"><Collection clsid="{53B533F5-224C-47e3-B01B-CA3B3F3FF4BF}" name="Configuration"><Collection clsid="{53B533F5-224C-47e3-B01B-CA3B3F3FF4BF}" name="Local"><Collection clsid="{53B533F5-224C-47e3-B01B-CA3B3F3FF4BF}" name="SSL"><Collection clsid="{53B533F5-224C-47e3-B01B-CA3B3F3FF4BF}" name="00010002"><Registry clsid="{9CD4B2F4-923D-47f5-A062-E897DD1DAD50}" name="Functions" descr="Wizard Generated Registry Item" image="6" status="Functions" changed="2020-03-15 18:11:16" uid="{46DE7FE9-8298-43F2-B98F-972A6726A2AC}" bypassErrors="1"><Properties action="R" displayDecimal="0" default="0" hive="HKEY_LOCAL_MACHINE" key="SYSTEM\CurrentControlSet\Control\Cryptography\Configuration\Local\SSL\00010002" name="Functions" type="REG_MULTI_SZ" value="TLS_ECDHE_ECDSA_WITH_AES_256_GCM_SHA384 TLS_ECDHE_ECDSA_WITH_AES_128_GCM_SHA256 TLS_ECDHE_RSA_WITH_AES_256_GCM_SHA384 TLS_ECDHE_RSA_WITH_AES_128_GCM_SHA256 TLS_DHE_RSA_WITH_AES_256_GCM_SHA384 TLS_DHE_RSA_WITH_AES_128_GCM_SHA256 TLS_ECDHE_ECDSA_WITH_AES_256_CBC_SHA384 TLS_ECDHE_ECDSA_WITH_AES_128_CBC_SHA256 TLS_ECDHE_RSA_WITH_AES_256_CBC_SHA384 TLS_ECDHE_RSA_WITH_AES_128_CBC_SHA256 TLS_ECDHE_ECDSA_WITH_AES_256_CBC_SHA TLS_ECDHE_ECDSA_WITH_AES_128_CBC_SHA TLS_ECDHE_RSA_WITH_AES_256_CBC_SHA TLS_ECDHE_RSA_WITH_AES_128_CBC_SHA TLS_DHE_RSA_WITH_AES_256_CBC_SHA TLS_DHE_RSA_WITH_AES_128_CBC_SHA TLS_RSA_WITH_AES_256_GCM_SHA384 TLS_RSA_WITH_AES_128_GCM_SHA256 TLS_RSA_WITH_AES_256_CBC_SHA256 TLS_RSA_WITH_AES_128_CBC_SHA256 TLS_RSA_WITH_AES_256_CBC_SHA TLS_RSA_WITH_AES_128_CBC_SHA TLS_RSA_WITH_3DES_EDE_CBC_SHA TLS_DHE_DSS_WITH_AES_256_CBC_SHA256 TLS_DHE_DSS_WITH_AES_128_CBC_SHA256 TLS_DHE_DSS_WITH_AES_256_CBC_SHA TLS_DHE_DSS_WITH_AES_128_CBC_SHA TLS_DHE_DSS_WITH_3DES_EDE_CBC_SHA TLS_RSA_WITH_RC4_128_SHA TLS_RSA_WITH_RC4_128_MD5 TLS_RSA_WITH_NULL_SHA256 TLS_RSA_WITH_NULL_SHA TLS_PSK_WITH_AES_256_GCM_SHA384 TLS_PSK_WITH_AES_128_GCM_SHA256 TLS_PSK_WITH_AES_256_CBC_SHA384 TLS_PSK_WITH_AES_128_CBC_SHA256 TLS_PSK_WITH_NULL_SHA384 TLS_PSK_WITH_NULL_SHA256"><Values><Value>TLS_ECDHE_ECDSA_WITH_AES_256_GCM_SHA384</Value><Value>TLS_ECDHE_ECDSA_WITH_AES_128_GCM_SHA256</Value><Value>TLS_ECDHE_RSA_WITH_AES_256_GCM_SHA384</Value><Value>TLS_ECDHE_RSA_WITH_AES_128_GCM_SHA256</Value><Value>TLS_DHE_RSA_WITH_AES_256_GCM_SHA384</Value><Value>TLS_DHE_RSA_WITH_AES_128_GCM_SHA256</Value><Value>TLS_ECDHE_ECDSA_WITH_AES_256_CBC_SHA384</Value><Value>TLS_ECDHE_ECDSA_WITH_AES_128_CBC_SHA256</Value><Value>TLS_ECDHE_RSA_WITH_AES_256_CBC_SHA384</Value><Value>TLS_ECDHE_RSA_WITH_AES_128_CBC_SHA256</Value><Value>TLS_ECDHE_ECDSA_WITH_AES_256_CBC_SHA</Value><Value>TLS_ECDHE_ECDSA_WITH_AES_128_CBC_SHA</Value><Value>TLS_ECDHE_RSA_WITH_AES_256_CBC_SHA</Value><Value>TLS_ECDHE_RSA_WITH_AES_128_CBC_SHA</Value><Value>TLS_DHE_RSA_WITH_AES_256_CBC_SHA</Value><Value>TLS_DHE_RSA_WITH_AES_128_CBC_SHA</Value><Value>TLS_RSA_WITH_AES_256_GCM_SHA384</Value><Value>TLS_RSA_WITH_AES_128_GCM_SHA256</Value><Value>TLS_RSA_WITH_AES_256_CBC_SHA256</Value><Value>TLS_RSA_WITH_AES_128_CBC_SHA256</Value><Value>TLS_RSA_WITH_AES_256_CBC_SHA</Value><Value>TLS_RSA_WITH_AES_128_CBC_SHA</Value><Value>TLS_RSA_WITH_3DES_EDE_CBC_SHA</Value><Value>TLS_DHE_DSS_WITH_AES_256_CBC_SHA256</Value><Value>TLS_DHE_DSS_WITH_AES_128_CBC_SHA256</Value><Value>TLS_DHE_DSS_WITH_AES_256_CBC_SHA</Value><Value>TLS_DHE_DSS_WITH_AES_128_CBC_SHA</Value><Value>TLS_DHE_DSS_WITH_3DES_EDE_CBC_SHA</Value><Value>TLS_RSA_WITH_RC4_128_SHA</Value><Value>TLS_RSA_WITH_RC4_128_MD5</Value><Value>TLS_RSA_WITH_NULL_SHA256</Value><Value>TLS_RSA_WITH_NULL_SHA</Value><Value>TLS_PSK_WITH_AES_256_GCM_SHA384</Value><Value>TLS_PSK_WITH_AES_128_GCM_SHA256</Value><Value>TLS_PSK_WITH_AES_256_CBC_SHA384</Value><Value>TLS_PSK_WITH_AES_128_CBC_SHA256</Value><Value>TLS_PSK_WITH_NULL_SHA384</Value><Value>TLS_PSK_WITH_NULL_SHA256</Value></Values></Properties></Registry>
										</Collection>
									</Collection>
								</Collection>
							</Collection>
						</Collection>
					</Collection>
				</Collection>
			</Collection>
		</Collection>
	</Collection>
	<Collection clsid="{53B533F5-224C-47e3-B01B-CA3B3F3FF4BF}" name="Registry Wizard Values" status="Values generated by the Registry Wizard" changed="2020-03-15 16:57:59" uid="{9F9B2EAB-E752-4134-A77B-26A7EBBF8E6E}"><Collection clsid="{53B533F5-224C-47e3-B01B-CA3B3F3FF4BF}" name="HKEY_LOCAL_MACHINE"><Collection clsid="{53B533F5-224C-47e3-B01B-CA3B3F3FF4BF}" name="SYSTEM"><Collection clsid="{53B533F5-224C-47e3-B01B-CA3B3F3FF4BF}" name="CurrentControlSet"><Collection clsid="{53B533F5-224C-47e3-B01B-CA3B3F3FF4BF}" name="Control"><Collection clsid="{53B533F5-224C-47e3-B01B-CA3B3F3FF4BF}" name="SecurityProviders"><Collection clsid="{53B533F5-224C-47e3-B01B-CA3B3F3FF4BF}" name="SCHANNEL"><Collection clsid="{53B533F5-224C-47e3-B01B-CA3B3F3FF4BF}" name="Ciphers"><Collection clsid="{53B533F5-224C-47e3-B01B-CA3B3F3FF4BF}" name="AES 128/128"><Registry clsid="{9CD4B2F4-923D-47f5-A062-E897DD1DAD50}" name="AES 128/128" image="1" descr="Wizard Generated Registry Item" status="AES 128/128" changed="2020-03-15 18:10:07" uid="{84CC9E21-55B7-4601-BCD5-722478245E7F}" bypassErrors="1"><Properties action="R" displayDecimal="0" default="0" hive="HKEY_LOCAL_MACHINE" key="SYSTEM\CurrentControlSet\Control\SecurityProviders\SCHANNEL\Ciphers\AES 128/128" name="" type="REG_SZ" value=""/><Filters/></Registry>
										<Registry clsid="{9CD4B2F4-923D-47f5-A062-E897DD1DAD50}" name="Enabled" status="Enabled" image="11" changed="2020-03-15 18:10:02" uid="{8B54E73B-888F-4452-9BBD-B927CD60DF64}"><Properties action="R" displayDecimal="0" default="0" hive="HKEY_LOCAL_MACHINE" key="SYSTEM\CurrentControlSet\Control\SecurityProviders\SCHANNEL\Ciphers\AES 128/128" name="Enabled" type="REG_DWORD" value="FFFFFFFF"/></Registry>
									</Collection>
									<Collection clsid="{53B533F5-224C-47e3-B01B-CA3B3F3FF4BF}" name="AES 256/256"><Registry clsid="{9CD4B2F4-923D-47f5-A062-E897DD1DAD50}" name="AES 256/256" image="1" descr="Wizard Generated Registry Item" status="AES 256/256" changed="2020-03-15 18:09:51" uid="{C5FD908A-0E24-431F-ABED-8290AD7A2D92}" bypassErrors="1"><Properties action="R" displayDecimal="0" default="0" hive="HKEY_LOCAL_MACHINE" key="SYSTEM\CurrentControlSet\Control\SecurityProviders\SCHANNEL\Ciphers\AES 256/256" name="" type="REG_SZ" value=""/><Filters/></Registry>
										<Registry clsid="{9CD4B2F4-923D-47f5-A062-E897DD1DAD50}" name="Enabled" status="Enabled" image="11" changed="2020-03-15 18:09:48" uid="{41A6819E-7686-4648-9A27-5EFCCC51EB8E}"><Properties action="R" displayDecimal="0" default="0" hive="HKEY_LOCAL_MACHINE" key="SYSTEM\CurrentControlSet\Control\SecurityProviders\SCHANNEL\Ciphers\AES 256/256" name="Enabled" type="REG_DWORD" value="FFFFFFFF"/></Registry>
									</Collection>
									<Collection clsid="{53B533F5-224C-47e3-B01B-CA3B3F3FF4BF}" name="DES 56/56"><Registry clsid="{9CD4B2F4-923D-47f5-A062-E897DD1DAD50}" name="DES 56/56" image="1" descr="Wizard Generated Registry Item" status="DES 56/56" changed="2020-03-15 18:09:57" uid="{F118885A-CE32-480F-A8E5-F7033A2DBC70}" bypassErrors="1"><Properties action="R" displayDecimal="0" default="0" hive="HKEY_LOCAL_MACHINE" key="SYSTEM\CurrentControlSet\Control\SecurityProviders\SCHANNEL\Ciphers\DES 56/56" name="" type="REG_SZ" value=""/><Filters/></Registry>
										<Registry clsid="{9CD4B2F4-923D-47f5-A062-E897DD1DAD50}" name="Enabled" status="Enabled" image="11" changed="2020-03-15 18:09:55" uid="{81333735-0847-46A2-92C9-CF6F60E341FF}"><Properties action="R" displayDecimal="0" default="0" hive="HKEY_LOCAL_MACHINE" key="SYSTEM\CurrentControlSet\Control\SecurityProviders\SCHANNEL\Ciphers\DES 56/56" name="Enabled" type="REG_DWORD" value="00000000"/></Registry>
									</Collection>
									<Collection clsid="{53B533F5-224C-47e3-B01B-CA3B3F3FF4BF}" name="NULL"><Registry clsid="{9CD4B2F4-923D-47f5-A062-E897DD1DAD50}" name="NULL" image="1" descr="Wizard Generated Registry Item" status="NULL" changed="2020-03-15 18:09:40" uid="{2F28B0BB-D348-45D2-A5C7-4E6E8F5408B5}" bypassErrors="1"><Properties action="R" displayDecimal="0" default="0" hive="HKEY_LOCAL_MACHINE" key="SYSTEM\CurrentControlSet\Control\SecurityProviders\SCHANNEL\Ciphers\NULL" name="" type="REG_SZ" value=""/><Filters/></Registry>
										<Registry clsid="{9CD4B2F4-923D-47f5-A062-E897DD1DAD50}" name="Enabled" status="Enabled" image="11" changed="2020-03-15 18:09:44" uid="{D5729FE8-F2D0-4AB5-928A-E8DA7D734104}"><Properties action="R" displayDecimal="0" default="0" hive="HKEY_LOCAL_MACHINE" key="SYSTEM\CurrentControlSet\Control\SecurityProviders\SCHANNEL\Ciphers\NULL" name="Enabled" type="REG_DWORD" value="00000000"/></Registry>
									</Collection>
									<Collection clsid="{53B533F5-224C-47e3-B01B-CA3B3F3FF4BF}" name="RC2 128/128"><Registry clsid="{9CD4B2F4-923D-47f5-A062-E897DD1DAD50}" name="RC2 128/128" image="1" descr="Wizard Generated Registry Item" status="RC2 128/128" changed="2020-03-15 18:09:34" uid="{9F2222B1-A6CA-49CD-B713-D1118DDC288C}" bypassErrors="1"><Properties action="R" displayDecimal="0" default="0" hive="HKEY_LOCAL_MACHINE" key="SYSTEM\CurrentControlSet\Control\SecurityProviders\SCHANNEL\Ciphers\RC2 128/128" name="" type="REG_SZ" value=""/><Filters/></Registry>
										<Registry clsid="{9CD4B2F4-923D-47f5-A062-E897DD1DAD50}" name="Enabled" status="Enabled" image="11" changed="2020-03-15 18:09:37" uid="{304D2169-925E-4E0F-8D9C-45DF57C5590E}"><Properties action="R" displayDecimal="0" default="0" hive="HKEY_LOCAL_MACHINE" key="SYSTEM\CurrentControlSet\Control\SecurityProviders\SCHANNEL\Ciphers\RC2 128/128" name="Enabled" type="REG_DWORD" value="00000000"/></Registry>
									</Collection>
									<Collection clsid="{53B533F5-224C-47e3-B01B-CA3B3F3FF4BF}" name="RC2 40/128"><Registry clsid="{9CD4B2F4-923D-47f5-A062-E897DD1DAD50}" name="RC2 40/128" image="1" descr="Wizard Generated Registry Item" status="RC2 40/128" changed="2020-03-15 18:09:27" uid="{B847DAF6-D48F-4D79-B999-C1CF5342ED36}" bypassErrors="1"><Properties action="R" displayDecimal="0" default="0" hive="HKEY_LOCAL_MACHINE" key="SYSTEM\CurrentControlSet\Control\SecurityProviders\SCHANNEL\Ciphers\RC2 40/128" name="" type="REG_SZ" value=""/><Filters/></Registry>
										<Registry clsid="{9CD4B2F4-923D-47f5-A062-E897DD1DAD50}" name="Enabled" status="Enabled" image="11" changed="2020-03-15 18:09:30" uid="{D588D688-845C-41A9-84AC-108AEBAED6C8}"><Properties action="R" displayDecimal="0" default="0" hive="HKEY_LOCAL_MACHINE" key="SYSTEM\CurrentControlSet\Control\SecurityProviders\SCHANNEL\Ciphers\RC2 40/128" name="Enabled" type="REG_DWORD" value="00000000"/></Registry>
									</Collection>
									<Collection clsid="{53B533F5-224C-47e3-B01B-CA3B3F3FF4BF}" name="RC2 56/128"><Registry clsid="{9CD4B2F4-923D-47f5-A062-E897DD1DAD50}" name="RC2 56/128" image="1" descr="Wizard Generated Registry Item" status="RC2 56/128" changed="2020-03-15 18:09:20" uid="{AD5B6ADA-398C-4830-968D-A6CFB77820C9}" bypassErrors="1"><Properties action="R" displayDecimal="0" default="0" hive="HKEY_LOCAL_MACHINE" key="SYSTEM\CurrentControlSet\Control\SecurityProviders\SCHANNEL\Ciphers\RC2 56/128" name="" type="REG_SZ" value=""/><Filters/></Registry>
										<Registry clsid="{9CD4B2F4-923D-47f5-A062-E897DD1DAD50}" name="Enabled" status="Enabled" image="11" changed="2020-03-15 18:09:23" uid="{A74252BA-FF46-4417-9BFB-9D0CA4091EA2}"><Properties action="R" displayDecimal="0" default="0" hive="HKEY_LOCAL_MACHINE" key="SYSTEM\CurrentControlSet\Control\SecurityProviders\SCHANNEL\Ciphers\RC2 56/128" name="Enabled" type="REG_DWORD" value="00000000"/></Registry>
									</Collection>
									<Collection clsid="{53B533F5-224C-47e3-B01B-CA3B3F3FF4BF}" name="RC4 128/128"><Registry clsid="{9CD4B2F4-923D-47f5-A062-E897DD1DAD50}" name="RC4 128/128" image="1" descr="Wizard Generated Registry Item" status="RC4 128/128" changed="2020-03-15 18:09:15" uid="{3558A2F6-F0E9-4263-AF20-D5C8F28B14C6}" bypassErrors="1"><Properties action="R" displayDecimal="0" default="0" hive="HKEY_LOCAL_MACHINE" key="SYSTEM\CurrentControlSet\Control\SecurityProviders\SCHANNEL\Ciphers\RC4 128/128" name="" type="REG_SZ" value=""/><Filters/></Registry>
										<Registry clsid="{9CD4B2F4-923D-47f5-A062-E897DD1DAD50}" name="Enabled" status="Enabled" image="11" changed="2020-03-15 18:09:17" uid="{C2B2CE3E-D5CA-4F8F-8C38-5C3B5892DB7D}"><Properties action="R" displayDecimal="0" default="0" hive="HKEY_LOCAL_MACHINE" key="SYSTEM\CurrentControlSet\Control\SecurityProviders\SCHANNEL\Ciphers\RC4 128/128" name="Enabled" type="REG_DWORD" value="00000000"/></Registry>
									</Collection>
									<Collection clsid="{53B533F5-224C-47e3-B01B-CA3B3F3FF4BF}" name="RC4 40/128"><Registry clsid="{9CD4B2F4-923D-47f5-A062-E897DD1DAD50}" name="RC4 40/128" image="1" descr="Wizard Generated Registry Item" status="RC4 40/128" changed="2020-03-15 18:09:08" uid="{28792CA0-C23F-4754-9A35-D2D03FE79021}" bypassErrors="1"><Properties action="R" displayDecimal="0" default="0" hive="HKEY_LOCAL_MACHINE" key="SYSTEM\CurrentControlSet\Control\SecurityProviders\SCHANNEL\Ciphers\RC4 40/128" name="" type="REG_SZ" value=""/><Filters/></Registry>
										<Registry clsid="{9CD4B2F4-923D-47f5-A062-E897DD1DAD50}" name="Enabled" status="Enabled" image="11" changed="2020-03-15 18:09:11" uid="{AB39770E-80BD-4159-8EE5-C3F67D4C28B3}"><Properties action="R" displayDecimal="0" default="0" hive="HKEY_LOCAL_MACHINE" key="SYSTEM\CurrentControlSet\Control\SecurityProviders\SCHANNEL\Ciphers\RC4 40/128" name="Enabled" type="REG_DWORD" value="00000000"/></Registry>
									</Collection>
									<Collection clsid="{53B533F5-224C-47e3-B01B-CA3B3F3FF4BF}" name="RC4 56/128"><Registry clsid="{9CD4B2F4-923D-47f5-A062-E897DD1DAD50}" name="RC4 56/128" image="1" descr="Wizard Generated Registry Item" status="RC4 56/128" changed="2020-03-15 18:09:01" uid="{15354932-9796-43E6-8BE2-20C3689F1ACE}" bypassErrors="1"><Properties action="R" displayDecimal="0" default="0" hive="HKEY_LOCAL_MACHINE" key="SYSTEM\CurrentControlSet\Control\SecurityProviders\SCHANNEL\Ciphers\RC4 56/128" name="" type="REG_SZ" value=""/><Filters/></Registry>
										<Registry clsid="{9CD4B2F4-923D-47f5-A062-E897DD1DAD50}" name="Enabled" status="Enabled" image="11" changed="2020-03-15 18:09:04" uid="{52480B10-B9DF-4B24-A853-F92D56272372}"><Properties action="R" displayDecimal="0" default="0" hive="HKEY_LOCAL_MACHINE" key="SYSTEM\CurrentControlSet\Control\SecurityProviders\SCHANNEL\Ciphers\RC4 56/128" name="Enabled" type="REG_DWORD" value="00000000"/></Registry>
									</Collection>
									<Collection clsid="{53B533F5-224C-47e3-B01B-CA3B3F3FF4BF}" name="RC4 64/128"><Registry clsid="{9CD4B2F4-923D-47f5-A062-E897DD1DAD50}" name="RC4 64/128" image="1" descr="Wizard Generated Registry Item" status="RC4 64/128" changed="2020-03-15 18:08:56" uid="{E241F762-B83C-42CB-858E-65D3806EB0F1}" bypassErrors="1"><Properties action="R" displayDecimal="0" default="0" hive="HKEY_LOCAL_MACHINE" key="SYSTEM\CurrentControlSet\Control\SecurityProviders\SCHANNEL\Ciphers\RC4 64/128" name="" type="REG_SZ" value=""/><Filters/></Registry>
										<Registry clsid="{9CD4B2F4-923D-47f5-A062-E897DD1DAD50}" name="Enabled" status="Enabled" image="11" changed="2020-03-15 18:08:58" uid="{C69E1E48-0225-4AB5-9EAC-BFF9BF6FEDF5}"><Properties action="R" displayDecimal="0" default="0" hive="HKEY_LOCAL_MACHINE" key="SYSTEM\CurrentControlSet\Control\SecurityProviders\SCHANNEL\Ciphers\RC4 64/128" name="Enabled" type="REG_DWORD" value="00000000"/></Registry>
									</Collection>
									<Collection clsid="{53B533F5-224C-47e3-B01B-CA3B3F3FF4BF}" name="Triple DES 168"><Registry clsid="{9CD4B2F4-923D-47f5-A062-E897DD1DAD50}" name="Triple DES 168" image="1" descr="Wizard Generated Registry Item" status="Triple DES 168" changed="2020-03-15 18:08:49" uid="{292B4997-0702-4E37-9B55-1176AC139FA8}" bypassErrors="1"><Properties action="R" displayDecimal="0" default="0" hive="HKEY_LOCAL_MACHINE" key="SYSTEM\CurrentControlSet\Control\SecurityProviders\SCHANNEL\Ciphers\Triple DES 168" name="" type="REG_SZ" value=""/><Filters/></Registry>
										<Registry clsid="{9CD4B2F4-923D-47f5-A062-E897DD1DAD50}" name="Enabled" status="Enabled" image="11" changed="2020-03-15 18:08:52" uid="{33FB1C31-D5B1-446B-A756-9B860E90F7E5}" bypassErrors="1"><Properties action="R" displayDecimal="0" default="0" hive="HKEY_LOCAL_MACHINE" key="SYSTEM\CurrentControlSet\Control\SecurityProviders\SCHANNEL\Ciphers\Triple DES 168" name="Enabled" type="REG_DWORD" value="FFFFFFFF"/></Registry>
									</Collection>
								</Collection>
								<Collection clsid="{53B533F5-224C-47e3-B01B-CA3B3F3FF4BF}" name="Hashes"><Collection clsid="{53B533F5-224C-47e3-B01B-CA3B3F3FF4BF}" name="MD5"><Registry clsid="{9CD4B2F4-923D-47f5-A062-E897DD1DAD50}" name="MD5" image="1" descr="Wizard Generated Registry Item" status="MD5" changed="2020-03-15 18:08:40" uid="{81054BF6-4273-45A0-B631-057D4B0808EC}" bypassErrors="1"><Properties action="R" displayDecimal="0" default="0" hive="HKEY_LOCAL_MACHINE" key="SYSTEM\CurrentControlSet\Control\SecurityProviders\SCHANNEL\Hashes\MD5" name="" type="REG_SZ" value=""/><Filters/></Registry>
										<Registry clsid="{9CD4B2F4-923D-47f5-A062-E897DD1DAD50}" name="Enabled" status="Enabled" image="11" changed="2020-03-15 18:08:42" uid="{31B7B46B-0DF1-4813-8E0A-CB38B2CD1D83}" bypassErrors="1"><Properties action="R" displayDecimal="0" default="0" hive="HKEY_LOCAL_MACHINE" key="SYSTEM\CurrentControlSet\Control\SecurityProviders\SCHANNEL\Hashes\MD5" name="Enabled" type="REG_DWORD" value="FFFFFFFF"/></Registry>
									</Collection>
									<Collection clsid="{53B533F5-224C-47e3-B01B-CA3B3F3FF4BF}" name="SHA"><Registry clsid="{9CD4B2F4-923D-47f5-A062-E897DD1DAD50}" name="SHA" image="1" descr="Wizard Generated Registry Item" status="SHA" changed="2020-03-15 18:08:33" uid="{A6B14619-F283-49AC-9C0D-CA212D53E872}" bypassErrors="1"><Properties action="R" displayDecimal="0" default="0" hive="HKEY_LOCAL_MACHINE" key="SYSTEM\CurrentControlSet\Control\SecurityProviders\SCHANNEL\Hashes\SHA" name="" type="REG_SZ" value=""/><Filters/></Registry>
										<Registry clsid="{9CD4B2F4-923D-47f5-A062-E897DD1DAD50}" name="Enabled" status="Enabled" image="11" changed="2020-03-15 18:08:36" uid="{BA9D5215-8E14-4420-9710-AEC981135956}" bypassErrors="1"><Properties action="R" displayDecimal="0" default="0" hive="HKEY_LOCAL_MACHINE" key="SYSTEM\CurrentControlSet\Control\SecurityProviders\SCHANNEL\Hashes\SHA" name="Enabled" type="REG_DWORD" value="FFFFFFFF"/></Registry>
									</Collection>
									<Collection clsid="{53B533F5-224C-47e3-B01B-CA3B3F3FF4BF}" name="SHA256"><Registry clsid="{9CD4B2F4-923D-47f5-A062-E897DD1DAD50}" name="SHA256" image="1" descr="Wizard Generated Registry Item" status="SHA256" changed="2020-03-15 18:08:27" uid="{852F3F39-9090-47A5-984B-D7E8E0E1D92E}" bypassErrors="1"><Properties action="R" displayDecimal="0" default="0" hive="HKEY_LOCAL_MACHINE" key="SYSTEM\CurrentControlSet\Control\SecurityProviders\SCHANNEL\Hashes\SHA256" name="" type="REG_SZ" value=""/><Filters/></Registry>
										<Registry clsid="{9CD4B2F4-923D-47f5-A062-E897DD1DAD50}" name="Enabled" status="Enabled" image="11" changed="2020-03-15 18:08:30" uid="{23C3A955-D0C4-4957-B17E-97FF659A68E4}" bypassErrors="1"><Properties action="R" displayDecimal="0" default="0" hive="HKEY_LOCAL_MACHINE" key="SYSTEM\CurrentControlSet\Control\SecurityProviders\SCHANNEL\Hashes\SHA256" name="Enabled" type="REG_DWORD" value="FFFFFFFF"/></Registry>
									</Collection>
									<Collection clsid="{53B533F5-224C-47e3-B01B-CA3B3F3FF4BF}" name="SHA384"><Registry clsid="{9CD4B2F4-923D-47f5-A062-E897DD1DAD50}" name="SHA384" image="1" descr="Wizard Generated Registry Item" status="SHA384" changed="2020-03-15 18:08:20" uid="{4EC0439F-091C-444E-B179-C056584032A4}" bypassErrors="1"><Properties action="R" displayDecimal="0" default="0" hive="HKEY_LOCAL_MACHINE" key="SYSTEM\CurrentControlSet\Control\SecurityProviders\SCHANNEL\Hashes\SHA384" name="" type="REG_SZ" value=""/><Filters/></Registry>
										<Registry clsid="{9CD4B2F4-923D-47f5-A062-E897DD1DAD50}" name="Enabled" status="Enabled" image="11" changed="2020-03-15 18:08:23" uid="{A70F19F7-BFEE-41CC-905B-4C2FE4343F66}" bypassErrors="1"><Properties action="R" displayDecimal="0" default="0" hive="HKEY_LOCAL_MACHINE" key="SYSTEM\CurrentControlSet\Control\SecurityProviders\SCHANNEL\Hashes\SHA384" name="Enabled" type="REG_DWORD" value="FFFFFFFF"/></Registry>
									</Collection>
									<Collection clsid="{53B533F5-224C-47e3-B01B-CA3B3F3FF4BF}" name="SHA512"><Registry clsid="{9CD4B2F4-923D-47f5-A062-E897DD1DAD50}" name="SHA512" image="1" descr="Wizard Generated Registry Item" status="SHA512" changed="2020-03-15 18:08:14" uid="{EE048322-5FA9-4A8F-B0EF-B758A7A40ADA}" bypassErrors="1"><Properties action="R" displayDecimal="0" default="0" hive="HKEY_LOCAL_MACHINE" key="SYSTEM\CurrentControlSet\Control\SecurityProviders\SCHANNEL\Hashes\SHA512" name="" type="REG_SZ" value=""/><Filters/></Registry>
										<Registry clsid="{9CD4B2F4-923D-47f5-A062-E897DD1DAD50}" name="Enabled" status="Enabled" image="11" changed="2020-03-15 18:08:16" uid="{2F5D877B-F0AB-43D6-A815-CD13135E38F1}" bypassErrors="1"><Properties action="R" displayDecimal="0" default="0" hive="HKEY_LOCAL_MACHINE" key="SYSTEM\CurrentControlSet\Control\SecurityProviders\SCHANNEL\Hashes\SHA512" name="Enabled" type="REG_DWORD" value="FFFFFFFF"/></Registry>
									</Collection>
								</Collection>
								<Collection clsid="{53B533F5-224C-47e3-B01B-CA3B3F3FF4BF}" name="KeyExchangeAlgorithms"><Collection clsid="{53B533F5-224C-47e3-B01B-CA3B3F3FF4BF}" name="Diffie-Hellman"><Registry clsid="{9CD4B2F4-923D-47f5-A062-E897DD1DAD50}" name="Diffie-Hellman" image="1" descr="Wizard Generated Registry Item" status="Diffie-Hellman" changed="2020-03-15 18:08:08" uid="{00A559B2-807F-4A68-850D-FB057EAA408B}" bypassErrors="1"><Properties action="R" displayDecimal="0" default="0" hive="HKEY_LOCAL_MACHINE" key="SYSTEM\CurrentControlSet\Control\SecurityProviders\SCHANNEL\KeyExchangeAlgorithms\Diffie-Hellman" name="" type="REG_SZ" value=""/><Filters/></Registry>
										<Registry clsid="{9CD4B2F4-923D-47f5-A062-E897DD1DAD50}" name="Enabled" status="Enabled" image="11" changed="2020-03-15 18:08:05" uid="{42D42DF8-263C-48CE-81CF-880FA7B0804B}" bypassErrors="1"><Properties action="R" displayDecimal="0" default="0" hive="HKEY_LOCAL_MACHINE" key="SYSTEM\CurrentControlSet\Control\SecurityProviders\SCHANNEL\KeyExchangeAlgorithms\Diffie-Hellman" name="Enabled" type="REG_DWORD" value="FFFFFFFF"/></Registry>
									</Collection>
									<Collection clsid="{53B533F5-224C-47e3-B01B-CA3B3F3FF4BF}" name="ECDH"><Registry clsid="{9CD4B2F4-923D-47f5-A062-E897DD1DAD50}" name="ECDH" image="1" descr="Wizard Generated Registry Item" status="ECDH" changed="2020-03-15 18:08:01" uid="{23ED2650-C52D-4BAC-AAC8-E603EA6004F0}" bypassErrors="1"><Properties action="R" displayDecimal="0" default="0" hive="HKEY_LOCAL_MACHINE" key="SYSTEM\CurrentControlSet\Control\SecurityProviders\SCHANNEL\KeyExchangeAlgorithms\ECDH" name="" type="REG_SZ" value=""/><Filters/></Registry>
										<Registry clsid="{9CD4B2F4-923D-47f5-A062-E897DD1DAD50}" name="Enabled" status="Enabled" image="11" changed="2020-03-15 18:07:58" uid="{BA35DCF9-FC5D-41BA-9002-5DE7854FF327}" bypassErrors="1"><Properties action="R" displayDecimal="0" default="0" hive="HKEY_LOCAL_MACHINE" key="SYSTEM\CurrentControlSet\Control\SecurityProviders\SCHANNEL\KeyExchangeAlgorithms\ECDH" name="Enabled" type="REG_DWORD" value="FFFFFFFF"/></Registry>
									</Collection>
									<Collection clsid="{53B533F5-224C-47e3-B01B-CA3B3F3FF4BF}" name="PKCS"><Registry clsid="{9CD4B2F4-923D-47f5-A062-E897DD1DAD50}" name="PKCS" image="1" descr="Wizard Generated Registry Item" status="PKCS" changed="2020-03-15 18:07:52" uid="{F2E0DDD5-A663-4238-84BC-C3FA83535E7A}" bypassErrors="1"><Properties action="R" displayDecimal="0" default="0" hive="HKEY_LOCAL_MACHINE" key="SYSTEM\CurrentControlSet\Control\SecurityProviders\SCHANNEL\KeyExchangeAlgorithms\PKCS" name="" type="REG_SZ" value=""/><Filters/></Registry>
										<Registry clsid="{9CD4B2F4-923D-47f5-A062-E897DD1DAD50}" name="Enabled" status="Enabled" image="11" changed="2020-03-15 18:07:55" uid="{E4351E3D-EDE9-4B11-ABDF-7C0878612179}" bypassErrors="1"><Properties action="R" displayDecimal="0" default="0" hive="HKEY_LOCAL_MACHINE" key="SYSTEM\CurrentControlSet\Control\SecurityProviders\SCHANNEL\KeyExchangeAlgorithms\PKCS" name="Enabled" type="REG_DWORD" value="FFFFFFFF"/></Registry>
									</Collection>
								</Collection>
								<Collection clsid="{53B533F5-224C-47e3-B01B-CA3B3F3FF4BF}" name="Protocols"><Collection clsid="{53B533F5-224C-47e3-B01B-CA3B3F3FF4BF}" name="Multi-Protocol Unified Hello"><Registry clsid="{9CD4B2F4-923D-47f5-A062-E897DD1DAD50}" name="Multi-Protocol Unified Hello" image="1" descr="Wizard Generated Registry Item" status="Multi-Protocol Unified Hello" changed="2020-03-15 18:07:49" uid="{361CC9BB-6C48-47B6-A643-0604D7B2A3A2}" bypassErrors="1"><Properties action="R" displayDecimal="0" default="0" hive="HKEY_LOCAL_MACHINE" key="SYSTEM\CurrentControlSet\Control\SecurityProviders\SCHANNEL\Protocols\Multi-Protocol Unified Hello" name="" type="REG_SZ" value=""/><Filters/></Registry>
										<Registry clsid="{9CD4B2F4-923D-47f5-A062-E897DD1DAD50}" name="Client" status="Client" image="1" changed="2020-03-15 18:07:36" uid="{C5835081-EF28-4CA0-911A-93AFB654FBC2}"><Properties action="R" displayDecimal="0" default="0" hive="HKEY_LOCAL_MACHINE" key="SYSTEM\CurrentControlSet\Control\SecurityProviders\SCHANNEL\Protocols\Multi-Protocol Unified Hello\Client" name="" type="REG_SZ" value=""/></Registry>
										<Registry clsid="{9CD4B2F4-923D-47f5-A062-E897DD1DAD50}" name="Server" status="Server" image="1" changed="2020-03-15 18:07:33" uid="{F8CD7037-2A33-45FE-A5F0-DE81CA9E341D}"><Properties action="R" displayDecimal="0" default="0" hive="HKEY_LOCAL_MACHINE" key="SYSTEM\CurrentControlSet\Control\SecurityProviders\SCHANNEL\Protocols\Multi-Protocol Unified Hello\Server" name="" type="REG_SZ" value=""/></Registry>
										<Registry clsid="{9CD4B2F4-923D-47f5-A062-E897DD1DAD50}" name="DisabledByDefault" status="DisabledByDefault" image="11" changed="2020-03-15 18:07:38" uid="{45AB3F9C-A098-4544-A031-974A3B9C9A12}"><Properties action="R" displayDecimal="0" default="0" hive="HKEY_LOCAL_MACHINE" key="SYSTEM\CurrentControlSet\Control\SecurityProviders\SCHANNEL\Protocols\Multi-Protocol Unified Hello\Client" name="DisabledByDefault" type="REG_DWORD" value="00000001"/></Registry>
										<Registry clsid="{9CD4B2F4-923D-47f5-A062-E897DD1DAD50}" name="Enabled" status="Enabled" image="11" changed="2020-03-15 18:07:43" uid="{FDDEB5F9-87BC-4542-84D2-B03F0F4CB7D0}"><Properties action="R" displayDecimal="0" default="0" hive="HKEY_LOCAL_MACHINE" key="SYSTEM\CurrentControlSet\Control\SecurityProviders\SCHANNEL\Protocols\Multi-Protocol Unified Hello\Client" name="Enabled" type="REG_DWORD" value="00000000"/></Registry>
										<Registry clsid="{9CD4B2F4-923D-47f5-A062-E897DD1DAD50}" name="DisabledByDefault" status="DisabledByDefault" image="11" changed="2020-03-15 18:07:40" uid="{1DFB94D0-CED6-4175-A307-9E518B9C4C60}"><Properties action="R" displayDecimal="0" default="0" hive="HKEY_LOCAL_MACHINE" key="SYSTEM\CurrentControlSet\Control\SecurityProviders\SCHANNEL\Protocols\Multi-Protocol Unified Hello\Server" name="DisabledByDefault" type="REG_DWORD" value="00000001"/></Registry>
										<Registry clsid="{9CD4B2F4-923D-47f5-A062-E897DD1DAD50}" name="Enabled" status="Enabled" image="11" changed="2020-03-15 18:07:46" uid="{9C0BB056-88A7-4C56-9A80-95807A79BF6E}"><Properties action="R" displayDecimal="0" default="0" hive="HKEY_LOCAL_MACHINE" key="SYSTEM\CurrentControlSet\Control\SecurityProviders\SCHANNEL\Protocols\Multi-Protocol Unified Hello\Server" name="Enabled" type="REG_DWORD" value="00000000"/></Registry>
									</Collection>
									<Collection clsid="{53B533F5-224C-47e3-B01B-CA3B3F3FF4BF}" name="PCT 1.0"><Registry clsid="{9CD4B2F4-923D-47f5-A062-E897DD1DAD50}" name="PCT 1.0" image="1" descr="Wizard Generated Registry Item" status="PCT 1.0" changed="2020-03-15 18:07:23" uid="{E54635A5-8F7F-4E94-B4D8-1D6FF6D744D0}" bypassErrors="1"><Properties action="R" displayDecimal="0" default="0" hive="HKEY_LOCAL_MACHINE" key="SYSTEM\CurrentControlSet\Control\SecurityProviders\SCHANNEL\Protocols\PCT 1.0" name="" type="REG_SZ" value=""/><Filters/></Registry>
										<Registry clsid="{9CD4B2F4-923D-47f5-A062-E897DD1DAD50}" name="Client" status="Client" image="1" changed="2020-03-15 18:07:11" uid="{12D18220-CF45-4D07-B171-4D9F9B5752D2}"><Properties action="R" displayDecimal="0" default="0" hive="HKEY_LOCAL_MACHINE" key="SYSTEM\CurrentControlSet\Control\SecurityProviders\SCHANNEL\Protocols\PCT 1.0\Client" name="" type="REG_SZ" value=""/></Registry>
										<Registry clsid="{9CD4B2F4-923D-47f5-A062-E897DD1DAD50}" name="Server" status="Server" image="1" changed="2020-03-15 18:07:26" uid="{D93A8B45-D6B0-4691-9EE9-990FD70D0EBB}"><Properties action="R" displayDecimal="0" default="0" hive="HKEY_LOCAL_MACHINE" key="SYSTEM\CurrentControlSet\Control\SecurityProviders\SCHANNEL\Protocols\PCT 1.0\Server" name="" type="REG_SZ" value=""/></Registry>
										<Registry clsid="{9CD4B2F4-923D-47f5-A062-E897DD1DAD50}" name="DisabledByDefault" status="DisabledByDefault" image="11" changed="2020-03-15 18:07:13" uid="{6D160F37-E55A-4868-9683-2AAA39E747DB}"><Properties action="R" displayDecimal="0" default="0" hive="HKEY_LOCAL_MACHINE" key="SYSTEM\CurrentControlSet\Control\SecurityProviders\SCHANNEL\Protocols\PCT 1.0\Client" name="DisabledByDefault" type="REG_DWORD" value="00000001"/></Registry>
										<Registry clsid="{9CD4B2F4-923D-47f5-A062-E897DD1DAD50}" name="Enabled" status="Enabled" image="11" changed="2020-03-15 18:07:18" uid="{4806CE1C-7F5C-4991-9ADB-5E2AAD83A46A}"><Properties action="R" displayDecimal="0" default="0" hive="HKEY_LOCAL_MACHINE" key="SYSTEM\CurrentControlSet\Control\SecurityProviders\SCHANNEL\Protocols\PCT 1.0\Client" name="Enabled" type="REG_DWORD" value="00000000"/></Registry>
										<Registry clsid="{9CD4B2F4-923D-47f5-A062-E897DD1DAD50}" name="DisabledByDefault" status="DisabledByDefault" image="11" changed="2020-03-15 18:07:15" uid="{43F19F3B-6D6D-444F-B93A-DFC34435F614}"><Properties action="R" displayDecimal="0" default="0" hive="HKEY_LOCAL_MACHINE" key="SYSTEM\CurrentControlSet\Control\SecurityProviders\SCHANNEL\Protocols\PCT 1.0\Server" name="DisabledByDefault" type="REG_DWORD" value="00000001"/></Registry>
										<Registry clsid="{9CD4B2F4-923D-47f5-A062-E897DD1DAD50}" name="Enabled" status="Enabled" image="11" changed="2020-03-15 18:07:21" uid="{4E597E9C-124E-45CE-A07F-CCD4D8ED6706}"><Properties action="R" displayDecimal="0" default="0" hive="HKEY_LOCAL_MACHINE" key="SYSTEM\CurrentControlSet\Control\SecurityProviders\SCHANNEL\Protocols\PCT 1.0\Server" name="Enabled" type="REG_DWORD" value="00000000"/></Registry>
									</Collection>
									<Collection clsid="{53B533F5-224C-47e3-B01B-CA3B3F3FF4BF}" name="SSL 2.0"><Registry clsid="{9CD4B2F4-923D-47f5-A062-E897DD1DAD50}" name="SSL 2.0" image="1" descr="Wizard Generated Registry Item" status="SSL 2.0" changed="2020-03-15 18:06:46" uid="{692195A3-134D-46B2-970E-D3F96AFD12ED}" bypassErrors="1"><Properties action="R" displayDecimal="0" default="0" hive="HKEY_LOCAL_MACHINE" key="SYSTEM\CurrentControlSet\Control\SecurityProviders\SCHANNEL\Protocols\SSL 2.0" name="" type="REG_SZ" value=""/><Filters/></Registry>
										<Registry clsid="{9CD4B2F4-923D-47f5-A062-E897DD1DAD50}" name="Client" status="Client" image="1" changed="2020-03-15 18:06:49" uid="{A2ECA414-40C7-4D6B-886D-4CB69B72104C}"><Properties action="R" displayDecimal="0" default="0" hive="HKEY_LOCAL_MACHINE" key="SYSTEM\CurrentControlSet\Control\SecurityProviders\SCHANNEL\Protocols\SSL 2.0\Client" name="" type="REG_SZ" value=""/></Registry>
										<Registry clsid="{9CD4B2F4-923D-47f5-A062-E897DD1DAD50}" name="Server" status="Server" image="1" changed="2020-03-15 18:06:53" uid="{8C2B1EAD-7CD2-4F91-9C0E-5C7E26CFD1BE}"><Properties action="R" displayDecimal="0" default="0" hive="HKEY_LOCAL_MACHINE" key="SYSTEM\CurrentControlSet\Control\SecurityProviders\SCHANNEL\Protocols\SSL 2.0\Server" name="" type="REG_SZ" value=""/></Registry>
										<Registry clsid="{9CD4B2F4-923D-47f5-A062-E897DD1DAD50}" name="DisabledByDefault" status="DisabledByDefault" image="11" changed="2020-03-15 18:06:56" uid="{198802F7-97BA-4B92-BA2E-DC17212E3FB2}"><Properties action="R" displayDecimal="0" default="0" hive="HKEY_LOCAL_MACHINE" key="SYSTEM\CurrentControlSet\Control\SecurityProviders\SCHANNEL\Protocols\SSL 2.0\Client" name="DisabledByDefault" type="REG_DWORD" value="00000001"/></Registry>
										<Registry clsid="{9CD4B2F4-923D-47f5-A062-E897DD1DAD50}" name="Enabled" status="Enabled" image="11" changed="2020-03-15 18:06:58" uid="{12624266-E1D5-4D3B-B97B-0424C1922042}"><Properties action="R" displayDecimal="0" default="0" hive="HKEY_LOCAL_MACHINE" key="SYSTEM\CurrentControlSet\Control\SecurityProviders\SCHANNEL\Protocols\SSL 2.0\Client" name="Enabled" type="REG_DWORD" value="00000000"/></Registry>
										<Registry clsid="{9CD4B2F4-923D-47f5-A062-E897DD1DAD50}" name="DisabledByDefault" status="DisabledByDefault" image="11" changed="2020-03-15 18:07:00" uid="{712ECB34-4861-49F3-B298-428CCA0C8982}"><Properties action="R" displayDecimal="0" default="0" hive="HKEY_LOCAL_MACHINE" key="SYSTEM\CurrentControlSet\Control\SecurityProviders\SCHANNEL\Protocols\SSL 2.0\Server" name="DisabledByDefault" type="REG_DWORD" value="00000001"/></Registry>
										<Registry clsid="{9CD4B2F4-923D-47f5-A062-E897DD1DAD50}" name="Enabled" status="Enabled" image="11" changed="2020-03-15 18:07:02" uid="{FEB4DD17-637E-4BC0-BE30-42AEED127D2E}"><Properties action="R" displayDecimal="0" default="0" hive="HKEY_LOCAL_MACHINE" key="SYSTEM\CurrentControlSet\Control\SecurityProviders\SCHANNEL\Protocols\SSL 2.0\Server" name="Enabled" type="REG_DWORD" value="00000000"/></Registry>
									</Collection>
									<Collection clsid="{53B533F5-224C-47e3-B01B-CA3B3F3FF4BF}" name="SSL 3.0"><Registry clsid="{9CD4B2F4-923D-47f5-A062-E897DD1DAD50}" name="SSL 3.0" image="1" descr="Wizard Generated Registry Item" status="SSL 3.0" changed="2020-03-15 18:06:29" uid="{A6562EEB-3B86-414D-BA58-7FE6FA87FB5A}" bypassErrors="1"><Properties action="R" displayDecimal="0" default="0" hive="HKEY_LOCAL_MACHINE" key="SYSTEM\CurrentControlSet\Control\SecurityProviders\SCHANNEL\Protocols\SSL 3.0" name="" type="REG_SZ" value=""/><Filters/></Registry>
										<Registry clsid="{9CD4B2F4-923D-47f5-A062-E897DD1DAD50}" name="Client" status="Client" image="1" changed="2020-03-15 18:06:31" uid="{EF53C6A4-FD5A-4D3C-BD6C-F127B42E1E8B}"><Properties action="R" displayDecimal="0" default="0" hive="HKEY_LOCAL_MACHINE" key="SYSTEM\CurrentControlSet\Control\SecurityProviders\SCHANNEL\Protocols\SSL 3.0\Client" name="" type="REG_SZ" value=""/></Registry>
										<Registry clsid="{9CD4B2F4-923D-47f5-A062-E897DD1DAD50}" name="Server" status="Server" image="1" changed="2020-03-15 18:06:33" uid="{DB3BCAF2-8991-4ACF-BE92-0FE9A1E6B0C8}"><Properties action="R" displayDecimal="0" default="0" hive="HKEY_LOCAL_MACHINE" key="SYSTEM\CurrentControlSet\Control\SecurityProviders\SCHANNEL\Protocols\SSL 3.0\Server" name="" type="REG_SZ" value=""/></Registry>
										<Registry clsid="{9CD4B2F4-923D-47f5-A062-E897DD1DAD50}" name="DisabledByDefault" status="DisabledByDefault" image="11" changed="2020-03-15 18:06:36" uid="{DE2C3CAE-D347-4634-B818-8A951B8A0E21}"><Properties action="R" displayDecimal="0" default="0" hive="HKEY_LOCAL_MACHINE" key="SYSTEM\CurrentControlSet\Control\SecurityProviders\SCHANNEL\Protocols\SSL 3.0\Client" name="DisabledByDefault" type="REG_DWORD" value="00000001"/></Registry>
										<Registry clsid="{9CD4B2F4-923D-47f5-A062-E897DD1DAD50}" name="Enabled" status="Enabled" image="11" changed="2020-03-15 18:06:38" uid="{D4CE89BF-A65F-43BF-B8BC-44DFFC003D12}"><Properties action="R" displayDecimal="0" default="0" hive="HKEY_LOCAL_MACHINE" key="SYSTEM\CurrentControlSet\Control\SecurityProviders\SCHANNEL\Protocols\SSL 3.0\Client" name="Enabled" type="REG_DWORD" value="00000000"/></Registry>
										<Registry clsid="{9CD4B2F4-923D-47f5-A062-E897DD1DAD50}" name="DisabledByDefault" status="DisabledByDefault" image="11" changed="2020-03-15 18:06:40" uid="{DD33E320-88B4-494A-821C-FCE50F5DDC4B}"><Properties action="R" displayDecimal="0" default="0" hive="HKEY_LOCAL_MACHINE" key="SYSTEM\CurrentControlSet\Control\SecurityProviders\SCHANNEL\Protocols\SSL 3.0\Server" name="DisabledByDefault" type="REG_DWORD" value="00000001"/></Registry>
										<Registry clsid="{9CD4B2F4-923D-47f5-A062-E897DD1DAD50}" name="Enabled" status="Enabled" image="11" changed="2020-03-15 18:06:43" uid="{D8AF4E02-5861-40E1-903B-F89287A40325}"><Properties action="R" displayDecimal="0" default="0" hive="HKEY_LOCAL_MACHINE" key="SYSTEM\CurrentControlSet\Control\SecurityProviders\SCHANNEL\Protocols\SSL 3.0\Server" name="Enabled" type="REG_DWORD" value="00000000"/></Registry>
									</Collection>
									<Collection clsid="{53B533F5-224C-47e3-B01B-CA3B3F3FF4BF}" name="TLS 1.0"><Registry clsid="{9CD4B2F4-923D-47f5-A062-E897DD1DAD50}" name="TLS 1.0" image="0" descr="Wizard Generated Registry Item" status="TLS 1.0" changed="2020-03-15 17:37:45" uid="{5B03EB19-B77F-4EE3-A4CF-A80597906AFA}" bypassErrors="1"><Properties action="C" displayDecimal="0" default="0" hive="HKEY_LOCAL_MACHINE" key="SYSTEM\CurrentControlSet\Control\SecurityProviders\SCHANNEL\Protocols\TLS 1.0" name="" type="REG_SZ" value=""/><Filters/></Registry>
										<Registry clsid="{9CD4B2F4-923D-47f5-A062-E897DD1DAD50}" name="Client" status="Client" image="0" changed="2020-03-15 17:56:30" uid="{B8D00C37-368C-4CAC-8810-F618169D86B1}"><Properties action="C" displayDecimal="0" default="0" hive="HKEY_LOCAL_MACHINE" key="SYSTEM\CurrentControlSet\Control\SecurityProviders\SCHANNEL\Protocols\TLS 1.0\Client" name="" type="REG_SZ" value=""/></Registry>
										<Registry clsid="{9CD4B2F4-923D-47f5-A062-E897DD1DAD50}" name="Server" status="Server" image="0" changed="2020-03-15 17:56:45" uid="{B067DFF9-D352-4522-A57F-CB977B9491A4}"><Properties action="C" displayDecimal="0" default="0" hive="HKEY_LOCAL_MACHINE" key="SYSTEM\CurrentControlSet\Control\SecurityProviders\SCHANNEL\Protocols\TLS 1.0\Server" name="" type="REG_SZ" value=""/></Registry>
										<Registry clsid="{9CD4B2F4-923D-47f5-A062-E897DD1DAD50}" name="DisabledByDefault" status="DisabledByDefault" image="10" changed="2020-03-15 17:56:34" uid="{638345EC-9439-4474-A377-76F1A266CE63}"><Properties action="C" displayDecimal="0" default="0" hive="HKEY_LOCAL_MACHINE" key="SYSTEM\CurrentControlSet\Control\SecurityProviders\SCHANNEL\Protocols\TLS 1.0\Client" name="DisabledByDefault" type="REG_DWORD" value="00000001"/></Registry>
										<Registry clsid="{9CD4B2F4-923D-47f5-A062-E897DD1DAD50}" name="Enabled" status="Enabled" image="10" changed="2020-03-15 17:56:37" uid="{E6D3B0ED-298D-49BF-B159-B448AD5B71AA}"><Properties action="C" displayDecimal="0" default="0" hive="HKEY_LOCAL_MACHINE" key="SYSTEM\CurrentControlSet\Control\SecurityProviders\SCHANNEL\Protocols\TLS 1.0\Client" name="Enabled" type="REG_DWORD" value="00000000"/></Registry>
										<Registry clsid="{9CD4B2F4-923D-47f5-A062-E897DD1DAD50}" name="DisabledByDefault" status="DisabledByDefault" image="10" changed="2020-03-15 17:56:48" uid="{9E4B33A9-504F-4367-85E4-C9AB49A6CB15}"><Properties action="C" displayDecimal="0" default="0" hive="HKEY_LOCAL_MACHINE" key="SYSTEM\CurrentControlSet\Control\SecurityProviders\SCHANNEL\Protocols\TLS 1.0\Server" name="DisabledByDefault" type="REG_DWORD" value="00000001"/></Registry>
										<Registry clsid="{9CD4B2F4-923D-47f5-A062-E897DD1DAD50}" name="Enabled" status="Enabled" image="10" changed="2020-03-15 17:56:51" uid="{185A48E5-A3EA-4A60-835A-7614DFC30965}"><Properties action="C" displayDecimal="0" default="0" hive="HKEY_LOCAL_MACHINE" key="SYSTEM\CurrentControlSet\Control\SecurityProviders\SCHANNEL\Protocols\TLS 1.0\Server" name="Enabled" type="REG_DWORD" value="00000000"/></Registry>
									</Collection>
									<Collection clsid="{53B533F5-224C-47e3-B01B-CA3B3F3FF4BF}" name="TLS 1.1"><Registry clsid="{9CD4B2F4-923D-47f5-A062-E897DD1DAD50}" name="TLS 1.1" image="1" descr="Wizard Generated Registry Item" status="TLS 1.1" changed="2020-03-15 18:05:19" uid="{CC1D98B5-474B-4875-AFAC-F8C72FABCC8E}" bypassErrors="1"><Properties action="R" displayDecimal="0" default="0" hive="HKEY_LOCAL_MACHINE" key="SYSTEM\CurrentControlSet\Control\SecurityProviders\SCHANNEL\Protocols\TLS 1.1" name="" type="REG_SZ" value=""/><Filters/></Registry>
										<Registry clsid="{9CD4B2F4-923D-47f5-A062-E897DD1DAD50}" name="Client" status="Client" image="1" changed="2020-03-15 18:05:15" uid="{DD811680-816B-41E5-9A39-1D8CFE7AEABD}"><Properties action="R" displayDecimal="0" default="0" hive="HKEY_LOCAL_MACHINE" key="SYSTEM\CurrentControlSet\Control\SecurityProviders\SCHANNEL\Protocols\TLS 1.1\Client" name="" type="REG_SZ" value=""/></Registry>
										<Registry clsid="{9CD4B2F4-923D-47f5-A062-E897DD1DAD50}" name="Server" status="Server" image="1" changed="2020-03-15 18:05:11" uid="{F2A89953-9CF5-4219-A0E3-CC5E3C98C2CB}"><Properties action="R" displayDecimal="0" default="0" hive="HKEY_LOCAL_MACHINE" key="SYSTEM\CurrentControlSet\Control\SecurityProviders\SCHANNEL\Protocols\TLS 1.1\Server" name="" type="REG_SZ" value=""/></Registry>
										<Registry clsid="{9CD4B2F4-923D-47f5-A062-E897DD1DAD50}" name="DisabledByDefault" status="DisabledByDefault" image="11" changed="2020-03-15 18:04:50" uid="{856C7FA5-7866-47A1-BE34-E7A299E55831}"><Properties action="R" displayDecimal="0" default="0" hive="HKEY_LOCAL_MACHINE" key="SYSTEM\CurrentControlSet\Control\SecurityProviders\SCHANNEL\Protocols\TLS 1.1\Client" name="DisabledByDefault" type="REG_DWORD" value="00000001"/></Registry>
										<Registry clsid="{9CD4B2F4-923D-47f5-A062-E897DD1DAD50}" name="Enabled" status="Enabled" image="11" changed="2020-03-15 18:04:55" uid="{C3520B5B-9941-45E5-B9B3-3C71BED15741}"><Properties action="R" displayDecimal="0" default="0" hive="HKEY_LOCAL_MACHINE" key="SYSTEM\CurrentControlSet\Control\SecurityProviders\SCHANNEL\Protocols\TLS 1.1\Client" name="Enabled" type="REG_DWORD" value="00000000"/></Registry>
										<Registry clsid="{9CD4B2F4-923D-47f5-A062-E897DD1DAD50}" name="DisabledByDefault" status="DisabledByDefault" image="11" changed="2020-03-15 18:05:03" uid="{6ADD075B-09E1-4C43-88BF-17DF04DFDB85}"><Properties action="R" displayDecimal="0" default="0" hive="HKEY_LOCAL_MACHINE" key="SYSTEM\CurrentControlSet\Control\SecurityProviders\SCHANNEL\Protocols\TLS 1.1\Server" name="DisabledByDefault" type="REG_DWORD" value="00000001"/></Registry>
										<Registry clsid="{9CD4B2F4-923D-47f5-A062-E897DD1DAD50}" name="Enabled" status="Enabled" image="11" changed="2020-03-15 18:05:07" uid="{4901E851-5168-487A-BF30-E40D15331D71}"><Properties action="R" displayDecimal="0" default="0" hive="HKEY_LOCAL_MACHINE" key="SYSTEM\CurrentControlSet\Control\SecurityProviders\SCHANNEL\Protocols\TLS 1.1\Server" name="Enabled" type="REG_DWORD" value="00000000"/></Registry>
									</Collection>
									<Collection clsid="{53B533F5-224C-47e3-B01B-CA3B3F3FF4BF}" name="TLS 1.2"><Registry clsid="{9CD4B2F4-923D-47f5-A062-E897DD1DAD50}" name="TLS 1.2" image="1" descr="Wizard Generated Registry Item" status="TLS 1.2" changed="2020-03-15 18:06:05" uid="{870D5AAF-352B-45FD-B0EE-B355BAFF388B}" bypassErrors="1"><Properties action="R" displayDecimal="0" default="0" hive="HKEY_LOCAL_MACHINE" key="SYSTEM\CurrentControlSet\Control\SecurityProviders\SCHANNEL\Protocols\TLS 1.2" name="" type="REG_SZ" value=""/><Filters/></Registry>
										<Registry clsid="{9CD4B2F4-923D-47f5-A062-E897DD1DAD50}" name="Client" status="Client" image="1" changed="2020-03-15 18:06:08" uid="{76CB0BE5-E29D-4099-8B59-9CB3BA62373E}"><Properties action="R" displayDecimal="0" default="0" hive="HKEY_LOCAL_MACHINE" key="SYSTEM\CurrentControlSet\Control\SecurityProviders\SCHANNEL\Protocols\TLS 1.2\Client" name="" type="REG_SZ" value=""/></Registry>
										<Registry clsid="{9CD4B2F4-923D-47f5-A062-E897DD1DAD50}" name="Server" status="Server" image="1" changed="2020-03-15 18:06:10" uid="{8DB6B8CE-F90D-4651-A39D-7C1B4005BFF3}"><Properties action="R" displayDecimal="0" default="0" hive="HKEY_LOCAL_MACHINE" key="SYSTEM\CurrentControlSet\Control\SecurityProviders\SCHANNEL\Protocols\TLS 1.2\Server" name="" type="REG_SZ" value=""/></Registry>
										<Registry clsid="{9CD4B2F4-923D-47f5-A062-E897DD1DAD50}" name="DisabledByDefault" status="DisabledByDefault" image="11" changed="2020-03-15 18:06:13" uid="{484DA17B-7507-4295-B464-7BA45C9E2E31}"><Properties action="R" displayDecimal="0" default="0" hive="HKEY_LOCAL_MACHINE" key="SYSTEM\CurrentControlSet\Control\SecurityProviders\SCHANNEL\Protocols\TLS 1.2\Client" name="DisabledByDefault" type="REG_DWORD" value="00000000"/></Registry>
										<Registry clsid="{9CD4B2F4-923D-47f5-A062-E897DD1DAD50}" name="Enabled" status="Enabled" image="11" changed="2020-03-15 18:06:16" uid="{B4D9DD70-ADCF-419F-AA78-204DA65A1E86}"><Properties action="R" displayDecimal="0" default="0" hive="HKEY_LOCAL_MACHINE" key="SYSTEM\CurrentControlSet\Control\SecurityProviders\SCHANNEL\Protocols\TLS 1.2\Client" name="Enabled" type="REG_DWORD" value="FFFFFFFF"/></Registry>
										<Registry clsid="{9CD4B2F4-923D-47f5-A062-E897DD1DAD50}" name="DisabledByDefault" status="DisabledByDefault" image="11" changed="2020-03-15 18:06:19" uid="{9A88C35D-B5FC-4F68-B3F8-B6234C606C7E}"><Properties action="R" displayDecimal="0" default="0" hive="HKEY_LOCAL_MACHINE" key="SYSTEM\CurrentControlSet\Control\SecurityProviders\SCHANNEL\Protocols\TLS 1.2\Server" name="DisabledByDefault" type="REG_DWORD" value="00000000"/></Registry>
										<Registry clsid="{9CD4B2F4-923D-47f5-A062-E897DD1DAD50}" name="Enabled" status="Enabled" image="11" changed="2020-03-15 18:06:21" uid="{EBC066CA-C8FE-4170-ADEE-56B178F34415}"><Properties action="R" displayDecimal="0" default="0" hive="HKEY_LOCAL_MACHINE" key="SYSTEM\CurrentControlSet\Control\SecurityProviders\SCHANNEL\Protocols\TLS 1.2\Server" name="Enabled" type="REG_DWORD" value="FFFFFFFF"/></Registry>
									</Collection>
								</Collection>
							</Collection>
						</Collection>
					</Collection>
				</Collection>
			</Collection>
		</Collection>
	</Collection>
</RegistrySettings>
