<Backups xmlns="http://www.microsoft.com/GroupPolicy/GPOOperations/Manifest" xmlns:mfst="http://www.microsoft.com/GroupPolicy/GPOOperations/Manifest" mfst:version="1.0"><BackupInst><GPOGuid><![CDATA[{FE563D3A-C64B-4BAE-9A75-E9819E5F1E36}]]></GPOGuid><GPODomain><![CDATA[wx040.np.webexcce.com]]></GPODomain><GPODomainGuid><![CDATA[{091e8e40-4736-49b5-9270-25461b9443bd}]]></GPODomainGuid><GPODomainController><![CDATA[den01wx040adc01.wx040.np.webexcce.com]]></GPODomainController><BackupTime><![CDATA[2020-03-26T03:24:11]]></BackupTime><ID><![CDATA[{CF3066A7-83B1-40B9-ACC7-E2C84238DEED}]]></ID><Comment><![CDATA[]]></Comment><GPODisplayName><![CDATA[DoD Windows Server 2019 Member Server STIG Computer]]></GPODisplayName></BackupInst></Backups>