<?xml version="1.0" encoding="utf-8"?>
<RegistrySettings clsid="{A3CCFC41-DFDB-43a5-8D26-0FE8B954DA51}"><Collection clsid="{53B533F5-224C-47e3-B01B-CA3B3F3FF4BF}" name="Prefer IPv4" status="Values generated by the Registry Wizard" changed="2020-04-01 21:50:08" uid="{2062E05F-FDB7-4F18-B3F3-C620D03CF2D1}"><Collection clsid="{53B533F5-224C-47e3-B01B-CA3B3F3FF4BF}" name="HKEY_LOCAL_MACHINE"><Collection clsid="{53B533F5-224C-47e3-B01B-CA3B3F3FF4BF}" name="SYSTEM"><Collection clsid="{53B533F5-224C-47e3-B01B-CA3B3F3FF4BF}" name="CurrentControlSet"><Collection clsid="{53B533F5-224C-47e3-B01B-CA3B3F3FF4BF}" name="Services"><Collection clsid="{53B533F5-224C-47e3-B01B-CA3B3F3FF4BF}" name="Tcpip6"><Collection clsid="{53B533F5-224C-47e3-B01B-CA3B3F3FF4BF}" name="Parameters"><Registry clsid="{9CD4B2F4-923D-47f5-A062-E897DD1DAD50}" name="DisabledComponents" descr="Wizard Generated Registry Item" image="11" status="DisabledComponents" changed="2020-04-01 21:50:26" uid="{A6A0E1C2-7D56-4B3D-AFF0-F78C077F645D}"><Properties action="R" displayDecimal="0" default="0" hive="HKEY_LOCAL_MACHINE" key="SYSTEM\CurrentControlSet\Services\Tcpip6\Parameters" name="DisabledComponents" type="REG_DWORD" value="00000020"/></Registry>
							</Collection>
						</Collection>
					</Collection>
				</Collection>
			</Collection>
		</Collection>
	</Collection>
	<Collection clsid="{53B533F5-224C-47e3-B01B-CA3B3F3FF4BF}" name=".NET v4 Use Strong Crypto" status="Values generated by the Registry Wizard" changed="2020-04-10 00:43:50" uid="{11A5918B-F9A6-49D6-ABA1-BB92F65036C9}"><Collection clsid="{53B533F5-224C-47e3-B01B-CA3B3F3FF4BF}" name="HKEY_LOCAL_MACHINE"><Collection clsid="{53B533F5-224C-47e3-B01B-CA3B3F3FF4BF}" name="SOFTWARE"><Collection clsid="{53B533F5-224C-47e3-B01B-CA3B3F3FF4BF}" name="Microsoft"><Collection clsid="{53B533F5-224C-47e3-B01B-CA3B3F3FF4BF}" name=".NETFramework"><Collection clsid="{53B533F5-224C-47e3-B01B-CA3B3F3FF4BF}" name="v4.0.30319"><Registry clsid="{9CD4B2F4-923D-47f5-A062-E897DD1DAD50}" name="SchUseStrongCrypto" descr="Wizard Generated Registry Item" image="12" status="SchUseStrongCrypto" changed="2020-04-10 00:46:01" uid="{730C5BD1-5006-40E6-8CCB-79BD6A1281BC}"><Properties action="U" displayDecimal="0" default="0" hive="HKEY_LOCAL_MACHINE" key="SOFTWARE\Microsoft\.NETFramework\v4.0.30319" name="SchUseStrongCrypto" type="REG_DWORD" value="00000001"/></Registry>
						</Collection>
					</Collection>
				</Collection>
			</Collection>
		</Collection>
	</Collection>
	<Collection clsid="{53B533F5-224C-47e3-B01B-CA3B3F3FF4BF}" name=",NET v4 (x86) Use Strong Crypto" status="Values generated by the Registry Wizard" changed="2020-04-10 00:44:54" uid="{E4BED691-D923-45ED-B6AB-BC3C01BD16CC}"><Collection clsid="{53B533F5-224C-47e3-B01B-CA3B3F3FF4BF}" name="HKEY_LOCAL_MACHINE"><Collection clsid="{53B533F5-224C-47e3-B01B-CA3B3F3FF4BF}" name="SOFTWARE"><Collection clsid="{53B533F5-224C-47e3-B01B-CA3B3F3FF4BF}" name="WOW6432Node"><Collection clsid="{53B533F5-224C-47e3-B01B-CA3B3F3FF4BF}" name="Microsoft"><Collection clsid="{53B533F5-224C-47e3-B01B-CA3B3F3FF4BF}" name=".NETFramework"><Collection clsid="{53B533F5-224C-47e3-B01B-CA3B3F3FF4BF}" name="v4.0.30319"><Registry clsid="{9CD4B2F4-923D-47f5-A062-E897DD1DAD50}" name="SchUseStrongCrypto" descr="Wizard Generated Registry Item" image="12" status="SchUseStrongCrypto" bypassErrors="1" changed="2020-04-10 00:45:30" uid="{1532FA58-83D0-4331-80C9-2F94165EC8C2}"><Properties action="U" displayDecimal="0" default="0" hive="HKEY_LOCAL_MACHINE" key="SOFTWARE\WOW6432Node\Microsoft\.NETFramework\v4.0.30319" name="SchUseStrongCrypto" type="REG_DWORD" value="00000001"/></Registry>
							</Collection>
						</Collection>
					</Collection>
				</Collection>
			</Collection>
		</Collection>
	</Collection>
</RegistrySettings>
